datetime_utc,price_in_eth
2025-08-01T14:00:00+00:00,31.83432285785053
2025-08-01T15:00:00+00:00,31.887745514511455
2025-08-01T16:00:00+00:00,31.924402414652377
2025-08-01T17:00:00+00:00,32.24415505236523
2025-08-01T18:00:00+00:00,32.056016875479045
2025-08-01T19:00:00+00:00,31.972558731108684
2025-08-01T20:00:00+00:00,32.22416613582042
2025-08-01T21:00:00+00:00,32.186085353824524
2025-08-01T22:00:00+00:00,32.15265176969122
2025-08-01T23:00:00+00:00,32.62771306528539
2025-08-02T00:00:00+00:00,32.42797812974784
2025-08-02T01:00:00+00:00,32.36482302964632
2025-08-02T02:00:00+00:00,32.354199335111346
2025-08-02T03:00:00+00:00,32.280971579626794
2025-08-02T04:00:00+00:00,32.283945020715755
2025-08-02T05:00:00+00:00,32.253164458199855
2025-08-02T06:00:00+00:00,32.374581618871666
2025-08-02T07:00:00+00:00,32.68875004952568
2025-08-02T08:00:00+00:00,32.407886494246284
2025-08-02T09:00:00+00:00,32.58139373112127
2025-08-02T10:00:00+00:00,32.556698350705645
2025-08-02T11:00:00+00:00,32.5510122492066
2025-08-02T12:00:00+00:00,32.42911455566809
2025-08-02T13:00:00+00:00,32.37603799906722
2025-08-02T14:00:00+00:00,32.32395079222485
2025-08-02T15:00:00+00:00,32.528027926526306
2025-08-02T16:00:00+00:00,32.66080527236401
2025-08-02T17:00:00+00:00,32.61454253963197
2025-08-02T18:00:00+00:00,32.92184500898828
2025-08-02T19:00:00+00:00,33.24815412396052
2025-08-02T20:00:00+00:00,33.01801908262125
2025-08-02T21:00:00+00:00,32.988452850866025
2025-08-02T22:00:00+00:00,33.00560179820733
2025-08-02T23:00:00+00:00,33.065581573845954
2025-08-03T00:00:00+00:00,33.08743856641277
2025-08-03T01:00:00+00:00,33.145859807096905
2025-08-03T02:00:00+00:00,33.07727182819859
2025-08-03T03:00:00+00:00,32.95457115506958
2025-08-03T04:00:00+00:00,32.98105620889785
2025-08-03T05:00:00+00:00,32.98238314638159
2025-08-03T06:00:00+00:00,32.97029654216701
2025-08-03T07:00:00+00:00,32.98414809936857
2025-08-03T08:00:00+00:00,32.894835465336804
2025-08-03T09:00:00+00:00,32.849289975007736
2025-08-03T10:00:00+00:00,32.80983567524329
2025-08-03T11:00:00+00:00,32.663238880333815
2025-08-03T12:00:00+00:00,32.66310666284131
2025-08-03T13:00:00+00:00,32.63413468930162
2025-08-03T14:00:00+00:00,32.648643054277585
2025-08-03T15:00:00+00:00,32.755536645390784
2025-08-03T16:00:00+00:00,32.78827848050518
2025-08-03T17:00:00+00:00,32.62963106564259
2025-08-03T18:00:00+00:00,32.7210340825499
2025-08-03T19:00:00+00:00,32.75157514408414
2025-08-03T20:00:00+00:00,32.680997190626954
2025-08-03T21:00:00+00:00,32.766750491532
2025-08-03T22:00:00+00:00,32.67680406543238
2025-08-03T23:00:00+00:00,32.618595962408996
2025-08-04T00:00:00+00:00,32.66018345231921
2025-08-04T01:00:00+00:00,32.414924573820976
2025-08-04T02:00:00+00:00,32.41520832727943
2025-08-04T03:00:00+00:00,32.176044378397414
2025-08-04T04:00:00+00:00,32.20119849685862
2025-08-04T05:00:00+00:00,32.320700428294344
2025-08-04T06:00:00+00:00,32.365588070328315
2025-08-04T07:00:00+00:00,32.31167589569502
2025-08-04T08:00:00+00:00,32.26867086283653
2025-08-04T09:00:00+00:00,32.253848755765794
2025-08-04T10:00:00+00:00,32.219591751322255
2025-08-04T11:00:00+00:00,32.122814170055875
2025-08-04T12:00:00+00:00,32.201502339023484
2025-08-04T13:00:00+00:00,32.02347524850582
2025-08-04T14:00:00+00:00,31.75046163754413
2025-08-04T15:00:00+00:00,31.53310716841146
2025-08-04T16:00:00+00:00,31.487081097038143
2025-08-04T17:00:00+00:00,31.264479857847732
2025-08-04T18:00:00+00:00,31.24017980927347
2025-08-04T19:00:00+00:00,31.26305670810178
2025-08-04T20:00:00+00:00,31.294631536760885
2025-08-04T21:00:00+00:00,30.999442625480373
2025-08-04T22:00:00+00:00,30.968660894237743
2025-08-04T23:00:00+00:00,30.90761046833144
2025-08-05T00:00:00+00:00,30.99429486040462
2025-08-05T01:00:00+00:00,31.076536307640776
2025-08-05T02:00:00+00:00,31.1460053963276
2025-08-05T03:00:00+00:00,31.177850840373207
2025-08-05T04:00:00+00:00,31.27739701657871
2025-08-05T05:00:00+00:00,31.332508079257213
2025-08-05T06:00:00+00:00,31.17073900633952
2025-08-05T07:00:00+00:00,31.302329796770444
2025-08-05T08:00:00+00:00,31.5620885436433
2025-08-05T09:00:00+00:00,31.448532366138746
2025-08-05T10:00:00+00:00,31.33087691104164
2025-08-05T11:00:00+00:00,31.25205095727262
2025-08-05T12:00:00+00:00,31.272969868112632
2025-08-05T13:00:00+00:00,31.41877545203519
2025-08-05T14:00:00+00:00,31.342607939547612
2025-08-05T15:00:00+00:00,31.60093106918497
2025-08-05T16:00:00+00:00,31.645221670741588
2025-08-05T17:00:00+00:00,31.577370501910227
2025-08-05T18:00:00+00:00,31.52725627087453
2025-08-05T19:00:00+00:00,31.81661948290094
2025-08-05T20:00:00+00:00,31.814614161786587
2025-08-05T21:00:00+00:00,31.775943913456164
2025-08-05T22:00:00+00:00,31.874860782814284
2025-08-05T23:00:00+00:00,31.654417299176316
2025-08-06T00:00:00+00:00,31.585296966044524
2025-08-06T01:00:00+00:00,31.817078330085007
2025-08-06T02:00:00+00:00,31.707602514342227
2025-08-06T03:00:00+00:00,31.65543297765662
2025-08-06T04:00:00+00:00,31.70102416863688
2025-08-06T05:00:00+00:00,31.705288949247414
2025-08-06T06:00:00+00:00,31.42425023200882
2025-08-06T07:00:00+00:00,31.414061180420042
2025-08-06T08:00:00+00:00,31.3866699007447
2025-08-06T09:00:00+00:00,31.49025173771951
2025-08-06T10:00:00+00:00,31.449006570992825
2025-08-06T11:00:00+00:00,31.529006621300706
2025-08-06T12:00:00+00:00,31.539824506564422
2025-08-06T13:00:00+00:00,31.786170170598098
2025-08-06T14:00:00+00:00,31.5891034762446
2025-08-06T15:00:00+00:00,31.727208328771944
2025-08-06T16:00:00+00:00,31.473973171050826
2025-08-06T17:00:00+00:00,31.607594914969013
2025-08-06T18:00:00+00:00,31.35104651327904
2025-08-06T19:00:00+00:00,31.379532240147473
2025-08-06T20:00:00+00:00,31.30982594812487
2025-08-06T21:00:00+00:00,31.300592339293072
2025-08-06T22:00:00+00:00,31.359603150060458
2025-08-06T23:00:00+00:00,31.296079781028784
2025-08-07T00:00:00+00:00,31.214328515549724
2025-08-07T01:00:00+00:00,31.278104445320633
2025-08-07T02:00:00+00:00,31.33343604424779
2025-08-07T03:00:00+00:00,31.322271131735068
2025-08-07T04:00:00+00:00,31.309234228750967
2025-08-07T05:00:00+00:00,31.208024123532308
2025-08-07T06:00:00+00:00,31.061913242203296
2025-08-07T07:00:00+00:00,31.013104870698843
2025-08-07T08:00:00+00:00,30.969504634643847
2025-08-07T09:00:00+00:00,30.887730725605174
2025-08-07T10:00:00+00:00,30.801070425279516
2025-08-07T11:00:00+00:00,30.500130326932208
2025-08-07T12:00:00+00:00,30.404299121383094
2025-08-07T13:00:00+00:00,30.26246548799038
2025-08-07T14:00:00+00:00,30.26787967046616
2025-08-07T15:00:00+00:00,30.469064050691994
2025-08-07T16:00:00+00:00,30.41228579830696
2025-08-07T17:00:00+00:00,30.46681262609222
2025-08-07T18:00:00+00:00,30.431236712572424
2025-08-07T19:00:00+00:00,30.498447518301916
2025-08-07T20:00:00+00:00,30.424310073672213
2025-08-07T21:00:00+00:00,30.29066441661631
2025-08-07T22:00:00+00:00,30.26182617977264
2025-08-07T23:00:00+00:00,30.003643484755013
2025-08-08T00:00:00+00:00,30.098804867437565
2025-08-08T01:00:00+00:00,30.07113700814093
2025-08-08T02:00:00+00:00,30.092238718900745
2025-08-08T03:00:00+00:00,29.924783785839587
2025-08-08T04:00:00+00:00,29.721118600980102
2025-08-08T05:00:00+00:00,29.789391909296132
2025-08-08T06:00:00+00:00,29.870446890071314
2025-08-08T07:00:00+00:00,29.8430980605978
2025-08-08T08:00:00+00:00,29.802092705792614
2025-08-08T09:00:00+00:00,29.947703516413775
2025-08-08T10:00:00+00:00,29.896522164918668
2025-08-08T11:00:00+00:00,29.902394613448706
2025-08-08T12:00:00+00:00,29.875082548500625
2025-08-08T13:00:00+00:00,29.975291679198428
2025-08-08T14:00:00+00:00,29.226892796417268
2025-08-08T15:00:00+00:00,29.324403609681408
2025-08-08T16:00:00+00:00,29.474287421320064
2025-08-08T17:00:00+00:00,29.30037350093193
2025-08-08T18:00:00+00:00,28.936126819205516
2025-08-08T19:00:00+00:00,28.768184764973057
2025-08-08T20:00:00+00:00,28.711107761034114
2025-08-08T21:00:00+00:00,28.827580670735685
2025-08-08T22:00:00+00:00,28.91302956685788
2025-08-08T23:00:00+00:00,29.021519772625865
2025-08-09T00:00:00+00:00,29.08982177114835
2025-08-09T01:00:00+00:00,29.053155024246436
2025-08-09T02:00:00+00:00,28.91628959696457
2025-08-09T03:00:00+00:00,28.87246039578599
2025-08-09T04:00:00+00:00,28.73061535043755
2025-08-09T05:00:00+00:00,28.514159262965894
2025-08-09T06:00:00+00:00,27.9534230667118
2025-08-09T07:00:00+00:00,28.038552679899645
2025-08-09T08:00:00+00:00,28.000241799055512
2025-08-09T09:00:00+00:00,27.998394624066233
2025-08-09T10:00:00+00:00,27.838472337481427
2025-08-09T11:00:00+00:00,27.845403618222782
2025-08-09T12:00:00+00:00,27.970360962070515
2025-08-09T13:00:00+00:00,27.92732641676402
2025-08-09T14:00:00+00:00,28.05903766395092
2025-08-09T15:00:00+00:00,27.84322565194038
2025-08-09T16:00:00+00:00,27.761860197518953
2025-08-09T17:00:00+00:00,27.730679074236907
2025-08-09T18:00:00+00:00,27.54257857062511
2025-08-09T19:00:00+00:00,27.480479747680555
2025-08-09T20:00:00+00:00,27.34653307935907
2025-08-09T21:00:00+00:00,27.258413277938246
2025-08-09T22:00:00+00:00,27.19929981188122
2025-08-09T23:00:00+00:00,27.347507765623863
2025-08-10T00:00:00+00:00,27.327026146238957
2025-08-10T01:00:00+00:00,27.136173062147748
2025-08-10T02:00:00+00:00,27.12946987086773
2025-08-10T03:00:00+00:00,27.572942871515743
2025-08-10T04:00:00+00:00,27.92733301132138
2025-08-10T05:00:00+00:00,27.914163337673877
2025-08-10T06:00:00+00:00,27.943279624555412
2025-08-10T07:00:00+00:00,27.956846772632876
2025-08-10T08:00:00+00:00,28.134319966352027
2025-08-10T09:00:00+00:00,28.09037023840083
2025-08-10T10:00:00+00:00,28.009962677202918
2025-08-10T11:00:00+00:00,28.12281297245389
2025-08-10T12:00:00+00:00,28.291057552553404
2025-08-10T13:00:00+00:00,28.24322226633262
2025-08-10T14:00:00+00:00,28.41849466574324
2025-08-10T15:00:00+00:00,28.131874231728368
2025-08-10T16:00:00+00:00,28.17218228155011
2025-08-10T17:00:00+00:00,28.04180006567203
2025-08-10T18:00:00+00:00,28.028514351112424
2025-08-10T19:00:00+00:00,27.98772842388653
2025-08-10T20:00:00+00:00,27.941014586791113
2025-08-10T21:00:00+00:00,28.18136040145316
2025-08-10T22:00:00+00:00,28.139713545629373
2025-08-10T23:00:00+00:00,28.076831832127066
2025-08-11T00:00:00+00:00,28.061645728718357
2025-08-11T01:00:00+00:00,27.913598372900374
2025-08-11T02:00:00+00:00,27.88901192544348
2025-08-11T03:00:00+00:00,28.304520222761152
2025-08-11T04:00:00+00:00,28.242449479053917
2025-08-11T05:00:00+00:00,28.230236391725533
2025-08-11T06:00:00+00:00,28.37315332417063
2025-08-11T07:00:00+00:00,28.424782861731142
2025-08-11T08:00:00+00:00,28.487279855731778
2025-08-11T09:00:00+00:00,28.44607700401655
2025-08-11T10:00:00+00:00,28.4578934820265
2025-08-11T11:00:00+00:00,28.56793073604935
2025-08-11T12:00:00+00:00,28.804654809819823
2025-08-11T13:00:00+00:00,28.593213558962045
2025-08-11T14:00:00+00:00,27.998278408283788
2025-08-11T15:00:00+00:00,28.047709627985107
2025-08-11T16:00:00+00:00,27.783032292832825
2025-08-11T17:00:00+00:00,27.818581076684865
2025-08-11T18:00:00+00:00,27.828499522452468
2025-08-11T19:00:00+00:00,27.84392539839363
2025-08-11T20:00:00+00:00,27.998009956272732
2025-08-11T21:00:00+00:00,28.00736251106696
2025-08-11T22:00:00+00:00,28.17336917962842
2025-08-11T23:00:00+00:00,28.12040935711295
2025-08-12T00:00:00+00:00,28.045142351498363
2025-08-12T01:00:00+00:00,28.01467762657573
2025-08-12T02:00:00+00:00,27.840752461380365
2025-08-12T03:00:00+00:00,27.70879586284999
2025-08-12T04:00:00+00:00,27.726974149782663
2025-08-12T05:00:00+00:00,27.63063186181442
2025-08-12T06:00:00+00:00,27.693923112361272
2025-08-12T07:00:00+00:00,27.67888695109759
2025-08-12T08:00:00+00:00,27.60239170651639
2025-08-12T09:00:00+00:00,27.541756352995787
2025-08-12T10:00:00+00:00,27.664364360404267
2025-08-12T11:00:00+00:00,27.69381893263556
2025-08-12T12:00:00+00:00,27.62591003646144
2025-08-12T13:00:00+00:00,27.17588382697026
2025-08-12T14:00:00+00:00,27.154367250441823
2025-08-12T15:00:00+00:00,27.0303944301598
2025-08-12T16:00:00+00:00,26.824421676386283
2025-08-12T17:00:00+00:00,26.81253088214965
2025-08-12T18:00:00+00:00,26.582754329000963
2025-08-12T19:00:00+00:00,26.58926440528519
2025-08-12T20:00:00+00:00,26.61013387639304
2025-08-12T21:00:00+00:00,26.074172940022777
2025-08-12T22:00:00+00:00,26.186310829125844
2025-08-12T23:00:00+00:00,26.186590918181523
2025-08-13T00:00:00+00:00,26.124902994442895
2025-08-13T01:00:00+00:00,25.864694797406695
2025-08-13T02:00:00+00:00,26.067703145333617
2025-08-13T03:00:00+00:00,25.84298625141329
2025-08-13T04:00:00+00:00,25.703182009294395
2025-08-13T05:00:00+00:00,25.559508542119076
2025-08-13T06:00:00+00:00,25.74048478642998
2025-08-13T07:00:00+00:00,25.84582838352747
2025-08-13T08:00:00+00:00,25.813127472962055
2025-08-13T09:00:00+00:00,25.958746457229523
2025-08-13T10:00:00+00:00,25.563846365966832
2025-08-13T11:00:00+00:00,25.653519405015576
2025-08-13T12:00:00+00:00,25.742425125412606
2025-08-13T13:00:00+00:00,25.67077011686629
2025-08-13T14:00:00+00:00,26.041129198198252
2025-08-13T15:00:00+00:00,25.96552880451443
2025-08-13T16:00:00+00:00,25.91323582515879
2025-08-13T17:00:00+00:00,25.847926961562827
2025-08-13T18:00:00+00:00,25.86075064222632
2025-08-13T19:00:00+00:00,25.810004434329517
2025-08-13T20:00:00+00:00,25.933009317014047
2025-08-13T21:00:00+00:00,25.974211482148014
2025-08-13T22:00:00+00:00,25.955982332615477
2025-08-13T23:00:00+00:00,25.85068698039791
2025-08-14T00:00:00+00:00,25.935096907198126
2025-08-14T01:00:00+00:00,26.241943090619703
2025-08-14T02:00:00+00:00,26.081482733519593
2025-08-14T03:00:00+00:00,26.0332271486108
2025-08-14T04:00:00+00:00,25.848369199178794
2025-08-14T05:00:00+00:00,25.858308501430717
2025-08-14T06:00:00+00:00,25.7962489178852
2025-08-14T07:00:00+00:00,25.521175827775632
2025-08-14T08:00:00+00:00,25.62018384809344
2025-08-14T09:00:00+00:00,25.67307910570166
2025-08-14T10:00:00+00:00,25.566366357464172
2025-08-14T11:00:00+00:00,25.714063376536387
2025-08-14T12:00:00+00:00,25.585602765980866
2025-08-14T13:00:00+00:00,25.959605769410697
2025-08-14T14:00:00+00:00,25.917428089378916
2025-08-14T15:00:00+00:00,25.585646951795923
2025-08-14T16:00:00+00:00,25.586910332094966
2025-08-14T17:00:00+00:00,25.988310871277616
2025-08-14T18:00:00+00:00,25.93977432714704
2025-08-14T19:00:00+00:00,26.00752389817441
2025-08-14T20:00:00+00:00,26.004051856842498
2025-08-14T21:00:00+00:00,26.037360886213943
2025-08-14T22:00:00+00:00,26.35331383492279
2025-08-14T23:00:00+00:00,26.08546594782215
2025-08-15T00:00:00+00:00,25.957564817136003
2025-08-15T01:00:00+00:00,25.863439591224683
2025-08-15T02:00:00+00:00,25.785878734252464
2025-08-15T03:00:00+00:00,25.66368749388454
2025-08-15T04:00:00+00:00,25.667294258400894
2025-08-15T05:00:00+00:00,25.68896910654525
2025-08-15T06:00:00+00:00,25.699169505014925
2025-08-15T07:00:00+00:00,25.61671087265877
2025-08-15T08:00:00+00:00,25.621698160474505
2025-08-15T09:00:00+00:00,25.599815240654074
2025-08-15T10:00:00+00:00,25.659942467943385
2025-08-15T11:00:00+00:00,25.644783481007583
2025-08-15T12:00:00+00:00,25.667498335266103
2025-08-15T13:00:00+00:00,25.623902744901127
2025-08-15T14:00:00+00:00,25.88892762379438
2025-08-15T15:00:00+00:00,26.116153567930837
2025-08-15T16:00:00+00:00,26.382962046610434
2025-08-15T17:00:00+00:00,26.582486646166004
2025-08-15T18:00:00+00:00,26.44989946154997
2025-08-15T19:00:00+00:00,26.682732501391833
2025-08-15T20:00:00+00:00,26.676978545062923
2025-08-15T21:00:00+00:00,26.523814436673057
2025-08-15T22:00:00+00:00,26.504766525488265
2025-08-15T23:00:00+00:00,26.263738280145326
2025-08-16T00:00:00+00:00,26.490898956225294
2025-08-16T01:00:00+00:00,26.328490561082
2025-08-16T02:00:00+00:00,26.272041789555075
2025-08-16T03:00:00+00:00,26.434077980226675
2025-08-16T04:00:00+00:00,26.489747563210496
2025-08-16T05:00:00+00:00,26.48852273273614
2025-08-16T06:00:00+00:00,26.57725849871642
2025-08-16T07:00:00+00:00,26.55072874095328
2025-08-16T08:00:00+00:00,26.39886683718387
2025-08-16T09:00:00+00:00,26.46843354800814
2025-08-16T10:00:00+00:00,26.702112729650768
2025-08-16T11:00:00+00:00,26.645630095271024
2025-08-16T12:00:00+00:00,26.784328411365053
2025-08-16T13:00:00+00:00,26.697124483783924
2025-08-16T14:00:00+00:00,26.772064818080548
2025-08-16T15:00:00+00:00,26.71085764676459
2025-08-16T16:00:00+00:00,26.746420198620175
2025-08-16T17:00:00+00:00,26.721634519609292
2025-08-16T18:00:00+00:00,26.729976802050434
2025-08-16T19:00:00+00:00,26.679639066464052
2025-08-16T20:00:00+00:00,26.635426431401672
2025-08-16T21:00:00+00:00,26.555832722379947
2025-08-16T22:00:00+00:00,26.625202968562725
2025-08-16T23:00:00+00:00,26.56428193760965
2025-08-17T00:00:00+00:00,26.559437880975427
2025-08-17T01:00:00+00:00,26.569885998177423
2025-08-17T02:00:00+00:00,26.631962465645678
2025-08-17T03:00:00+00:00,26.511899796140014
2025-08-17T04:00:00+00:00,26.45052467888728
2025-08-17T05:00:00+00:00,26.369184012696696
2025-08-17T06:00:00+00:00,26.380564576916584
2025-08-17T07:00:00+00:00,26.451129010357572
2025-08-17T08:00:00+00:00,26.413668200772168
2025-08-17T09:00:00+00:00,26.127275990652908
2025-08-17T10:00:00+00:00,26.068349884443094
2025-08-17T11:00:00+00:00,25.95019750143502
2025-08-17T12:00:00+00:00,26.001118014098257
2025-08-17T13:00:00+00:00,26.053184191493003
2025-08-17T14:00:00+00:00,26.11842662748902
2025-08-17T15:00:00+00:00,25.952066620553975
2025-08-17T16:00:00+00:00,25.910051833479873
2025-08-17T17:00:00+00:00,26.062065406739823
2025-08-17T18:00:00+00:00,26.05155309803104
2025-08-17T19:00:00+00:00,26.246905571493336
2025-08-17T20:00:00+00:00,26.398609366809193
2025-08-17T21:00:00+00:00,26.287287001974192
2025-08-17T22:00:00+00:00,26.294598101885388
2025-08-17T23:00:00+00:00,26.067653275348334
2025-08-18T00:00:00+00:00,26.234975244978088
2025-08-18T01:00:00+00:00,26.273603909410447
2025-08-18T02:00:00+00:00,26.429692882651214
2025-08-18T03:00:00+00:00,26.675505982575118
2025-08-18T04:00:00+00:00,26.714028871955353
2025-08-18T05:00:00+00:00,26.61140890796505
2025-08-18T06:00:00+00:00,26.85982278165732
2025-08-18T07:00:00+00:00,27.09953831758571
2025-08-18T08:00:00+00:00,27.021702245746553
2025-08-18T09:00:00+00:00,27.07526074169346
2025-08-18T10:00:00+00:00,26.79776296769723
2025-08-18T11:00:00+00:00,26.976207849800556
2025-08-18T12:00:00+00:00,26.8921461504851
2025-08-18T13:00:00+00:00,26.59143844066577
2025-08-18T14:00:00+00:00,26.738954239147457
2025-08-18T15:00:00+00:00,26.65142256491742
2025-08-18T16:00:00+00:00,26.717904028148013
2025-08-18T17:00:00+00:00,26.839467577843298
2025-08-18T18:00:00+00:00,26.711568847682887
2025-08-18T19:00:00+00:00,26.68222087166339
2025-08-18T20:00:00+00:00,26.72605388996337
2025-08-18T21:00:00+00:00,26.82684362196353
2025-08-18T22:00:00+00:00,26.79850833850872
2025-08-18T23:00:00+00:00,26.828457231729438
2025-08-19T00:00:00+00:00,26.939010553401154
2025-08-19T01:00:00+00:00,26.833754134052455
2025-08-19T02:00:00+00:00,26.965002116939477
2025-08-19T03:00:00+00:00,27.022710326430946
2025-08-19T04:00:00+00:00,27.21885492766785
2025-08-19T05:00:00+00:00,27.260602316633232
2025-08-19T06:00:00+00:00,27.179219095299732
2025-08-19T07:00:00+00:00,27.11854852206249
2025-08-19T08:00:00+00:00,27.222627639231863
2025-08-19T09:00:00+00:00,27.07837011633691
2025-08-19T10:00:00+00:00,26.940446379053128
2025-08-19T11:00:00+00:00,26.907199953977706
2025-08-19T12:00:00+00:00,26.870985905890645
2025-08-19T13:00:00+00:00,26.799579494395296
2025-08-19T14:00:00+00:00,26.84811206429609
2025-08-19T15:00:00+00:00,27.13165775218609
2025-08-19T16:00:00+00:00,27.150546376278992
2025-08-19T17:00:00+00:00,27.326493822955054
2025-08-19T18:00:00+00:00,27.097000125875798
2025-08-19T19:00:00+00:00,27.31124724897895
2025-08-19T20:00:00+00:00,27.26754131503694
2025-08-19T21:00:00+00:00,27.280799212557326
2025-08-19T22:00:00+00:00,27.319863551237976
2025-08-19T23:00:00+00:00,27.38356778899219
2025-08-20T00:00:00+00:00,27.64606910162128
2025-08-20T01:00:00+00:00,27.55833408917121
2025-08-20T02:00:00+00:00,27.439764445579602
2025-08-20T03:00:00+00:00,27.428444045813844
2025-08-20T04:00:00+00:00,27.432899040830463
2025-08-20T05:00:00+00:00,27.245177157546152
2025-08-20T06:00:00+00:00,27.18732348441109
2025-08-20T07:00:00+00:00,27.20211866046115
2025-08-20T08:00:00+00:00,27.126716176915355
2025-08-20T09:00:00+00:00,26.9022200849076
2025-08-20T10:00:00+00:00,26.928279816108976
2025-08-20T11:00:00+00:00,26.94025635129348
2025-08-20T12:00:00+00:00,27.024665102844214
2025-08-20T13:00:00+00:00,27.033848111754857
2025-08-20T14:00:00+00:00,27.2703912857276
2025-08-20T15:00:00+00:00,26.914359701405868
2025-08-20T16:00:00+00:00,26.692674462792887
2025-08-20T17:00:00+00:00,26.509295173136973
2025-08-20T18:00:00+00:00,26.289161898419987
2025-08-20T19:00:00+00:00,26.383462299102888
2025-08-20T20:00:00+00:00,26.283861854166137
2025-08-20T21:00:00+00:00,26.235889968718933
2025-08-20T22:00:00+00:00,26.278652783034858
2025-08-20T23:00:00+00:00,26.277984889370373
2025-08-21T00:00:00+00:00,26.34587896277835
2025-08-21T01:00:00+00:00,26.46394749265322
2025-08-21T02:00:00+00:00,26.43318451895565
2025-08-21T03:00:00+00:00,26.532121420377937
2025-08-21T04:00:00+00:00,26.530239517224324
2025-08-21T05:00:00+00:00,26.518047376318325
2025-08-21T06:00:00+00:00,26.412604882115563
2025-08-21T07:00:00+00:00,26.478596021280936
2025-08-21T08:00:00+00:00,26.442284678774186
2025-08-21T09:00:00+00:00,26.470429068170688
2025-08-21T10:00:00+00:00,26.540157007312104
2025-08-21T11:00:00+00:00,26.399301114336257
2025-08-21T12:00:00+00:00,26.439957718225866
2025-08-21T13:00:00+00:00,26.634463441580607
2025-08-21T14:00:00+00:00,26.6419453974851
2025-08-21T15:00:00+00:00,26.50594073857882
2025-08-21T16:00:00+00:00,26.58959961864521
2025-08-21T17:00:00+00:00,26.66217461293756
2025-08-21T18:00:00+00:00,26.490650864952865
2025-08-21T19:00:00+00:00,26.41128857171399
2025-08-21T20:00:00+00:00,26.511242481772424
2025-08-21T21:00:00+00:00,26.496081808380556
2025-08-21T22:00:00+00:00,26.516600610780163
2025-08-21T23:00:00+00:00,26.468797512352626
2025-08-22T00:00:00+00:00,26.62794979703472
2025-08-22T01:00:00+00:00,26.569159550704423
2025-08-22T02:00:00+00:00,26.499099495672127
2025-08-22T03:00:00+00:00,26.410003445980944
2025-08-22T04:00:00+00:00,26.386336417266087
2025-08-22T05:00:00+00:00,26.3302721026813
2025-08-22T06:00:00+00:00,26.40704644166473
2025-08-22T07:00:00+00:00,26.30388501378004
2025-08-22T08:00:00+00:00,26.04993303527576
2025-08-22T09:00:00+00:00,26.076281561781176
2025-08-22T10:00:00+00:00,26.1071893149342
2025-08-22T11:00:00+00:00,26.200502803230872
2025-08-22T12:00:00+00:00,26.283338269120108
2025-08-22T13:00:00+00:00,26.435082752927755
2025-08-22T14:00:00+00:00,26.223948653439844
2025-08-22T15:00:00+00:00,25.075945931025366
2025-08-22T16:00:00+00:00,25.15385755127697
2025-08-22T17:00:00+00:00,24.47911403303067
2025-08-22T18:00:00+00:00,24.333723874199848
2025-08-22T19:00:00+00:00,24.396347518488472
2025-08-22T20:00:00+00:00,24.123438742853747
2025-08-22T21:00:00+00:00,24.148284206525418
2025-08-22T22:00:00+00:00,24.1181969201423
2025-08-22T23:00:00+00:00,24.27761064515883
2025-08-23T00:00:00+00:00,24.188889836669027
2025-08-23T01:00:00+00:00,24.32761178310794
2025-08-23T02:00:00+00:00,24.345644995376503
2025-08-23T03:00:00+00:00,24.59678298801638
2025-08-23T04:00:00+00:00,24.609388237164517
2025-08-23T05:00:00+00:00,24.45277103716056
2025-08-23T06:00:00+00:00,24.432015213896584
2025-08-23T07:00:00+00:00,24.39639548271737
2025-08-23T08:00:00+00:00,24.526366186545623
2025-08-23T09:00:00+00:00,24.574704858965887
2025-08-23T10:00:00+00:00,24.428647839075087
2025-08-23T11:00:00+00:00,24.53433154538847
2025-08-23T12:00:00+00:00,24.486464821537343
2025-08-23T13:00:00+00:00,24.4435201088898
2025-08-23T14:00:00+00:00,24.373301472275568
2025-08-23T15:00:00+00:00,24.250337097280077
2025-08-23T16:00:00+00:00,24.16526034203279
2025-08-23T17:00:00+00:00,24.246824449246724
2025-08-23T18:00:00+00:00,24.236595148738466
2025-08-23T19:00:00+00:00,24.237617853106624
2025-08-23T20:00:00+00:00,24.202463140386147
2025-08-23T21:00:00+00:00,24.24611387365286
2025-08-23T22:00:00+00:00,24.259149642673567
2025-08-23T23:00:00+00:00,24.103116522941953
2025-08-24T00:00:00+00:00,24.161004995671878
2025-08-24T01:00:00+00:00,24.08036310619583
2025-08-24T02:00:00+00:00,24.186414644429437
2025-08-24T03:00:00+00:00,24.10551974852052
2025-08-24T04:00:00+00:00,24.001855713415548
2025-08-24T05:00:00+00:00,24.046824189264115
2025-08-24T06:00:00+00:00,24.042156021611437
2025-08-24T07:00:00+00:00,24.108183210870326
2025-08-24T08:00:00+00:00,24.109413271377484
2025-08-24T09:00:00+00:00,24.029145302308592
2025-08-24T10:00:00+00:00,24.114091371810755
2025-08-24T11:00:00+00:00,24.224609630409933
2025-08-24T12:00:00+00:00,24.159223746937176
2025-08-24T13:00:00+00:00,24.13479627372981
2025-08-24T14:00:00+00:00,24.043343080103458
2025-08-24T15:00:00+00:00,23.913636727116256
2025-08-24T16:00:00+00:00,23.839544028784648
2025-08-24T17:00:00+00:00,23.69446343382553
2025-08-24T18:00:00+00:00,23.32514849633228
2025-08-24T19:00:00+00:00,23.24620514251892
2025-08-24T20:00:00+00:00,23.511999694609727
2025-08-24T21:00:00+00:00,23.51258532783857
2025-08-24T22:00:00+00:00,23.566261733369966
2025-08-24T23:00:00+00:00,23.747296732082194
2025-08-25T00:00:00+00:00,23.747643830973576
2025-08-25T01:00:00+00:00,23.92673986941337
2025-08-25T02:00:00+00:00,23.88819300754566
2025-08-25T03:00:00+00:00,23.79907559515062
2025-08-25T04:00:00+00:00,23.84546731447148
2025-08-25T05:00:00+00:00,23.896724818488263
2025-08-25T06:00:00+00:00,23.873601107466097
2025-08-25T07:00:00+00:00,24.11916093121455
2025-08-25T08:00:00+00:00,24.283611967096725
2025-08-25T09:00:00+00:00,24.24373622079912
2025-08-25T10:00:00+00:00,24.286801149188495
2025-08-25T11:00:00+00:00,24.39824876205874
2025-08-25T12:00:00+00:00,24.171786894646726
2025-08-25T13:00:00+00:00,24.049608714645526
2025-08-25T14:00:00+00:00,24.012610682500757
2025-08-25T15:00:00+00:00,24.125102370451916
2025-08-25T16:00:00+00:00,24.336158839861508
2025-08-25T17:00:00+00:00,24.465620587011085
2025-08-25T18:00:00+00:00,24.467019483269752
2025-08-25T19:00:00+00:00,24.55766438171971
2025-08-25T20:00:00+00:00,25.01905184813673
2025-08-25T21:00:00+00:00,25.112848026151806
2025-08-25T22:00:00+00:00,25.17462308016112
2025-08-25T23:00:00+00:00,25.07517847725897
2025-08-26T00:00:00+00:00,25.140517411083376
2025-08-26T01:00:00+00:00,25.17662971433266
2025-08-26T02:00:00+00:00,24.827805943384554
2025-08-26T03:00:00+00:00,24.92388414156817
2025-08-26T04:00:00+00:00,24.972687868241522
2025-08-26T05:00:00+00:00,24.805774460812877
2025-08-26T06:00:00+00:00,24.87149190170273
2025-08-26T07:00:00+00:00,24.92679806079548
2025-08-26T08:00:00+00:00,24.89638120239377
2025-08-26T09:00:00+00:00,24.94650630807673
2025-08-26T10:00:00+00:00,24.925659879229094
2025-08-26T11:00:00+00:00,24.84890944670856
2025-08-26T12:00:00+00:00,24.841418049551358
2025-08-26T13:00:00+00:00,24.572753773885808
2025-08-26T14:00:00+00:00,24.652496854000475
2025-08-26T15:00:00+00:00,24.31249549898966
2025-08-26T16:00:00+00:00,24.270251054493066
2025-08-26T17:00:00+00:00,24.202873395038043
2025-08-26T18:00:00+00:00,24.341743398757185
2025-08-26T19:00:00+00:00,24.346124675951817
2025-08-26T20:00:00+00:00,24.19794390390299
2025-08-26T21:00:00+00:00,24.288579922909026
2025-08-26T22:00:00+00:00,24.26554532731265
2025-08-26T23:00:00+00:00,24.338744366726527
2025-08-27T00:00:00+00:00,24.26181739711364
2025-08-27T01:00:00+00:00,24.351497165129974
2025-08-27T02:00:00+00:00,24.390065355049817
2025-08-27T03:00:00+00:00,24.305374109945703
2025-08-27T04:00:00+00:00,24.22631307826389
2025-08-27T05:00:00+00:00,24.097614547842152
2025-08-27T06:00:00+00:00,24.1394555843835
2025-08-27T07:00:00+00:00,24.206477911765717
2025-08-27T08:00:00+00:00,24.14430037846299
2025-08-27T09:00:00+00:00,24.13372223434169
2025-08-27T10:00:00+00:00,24.106510033918884
2025-08-27T11:00:00+00:00,24.24475563130269
2025-08-27T12:00:00+00:00,24.174236882655155
2025-08-27T13:00:00+00:00,24.10065792344573
2025-08-27T14:00:00+00:00,24.26302258713907
2025-08-27T15:00:00+00:00,24.28767360560385
2025-08-27T16:00:00+00:00,24.08306986448719
2025-08-27T17:00:00+00:00,24.18580643270097
2025-08-27T18:00:00+00:00,24.257225294465815
2025-08-27T19:00:00+00:00,24.349628202549543
2025-08-27T20:00:00+00:00,24.51421353996181
2025-08-27T21:00:00+00:00,24.451444184982652
2025-08-27T22:00:00+00:00,24.645534440838066
2025-08-27T23:00:00+00:00,24.639693882461412
2025-08-28T00:00:00+00:00,24.68933659388278
2025-08-28T01:00:00+00:00,24.75065165010527
2025-08-28T02:00:00+00:00,24.699965403151595
2025-08-28T03:00:00+00:00,24.71903635281473
2025-08-28T04:00:00+00:00,24.67789048072937
2025-08-28T05:00:00+00:00,24.711572017311102
2025-08-28T06:00:00+00:00,24.728438561609487
2025-08-28T07:00:00+00:00,24.669315546297746
2025-08-28T08:00:00+00:00,24.66546739186466
2025-08-28T09:00:00+00:00,24.591623009624417
2025-08-28T10:00:00+00:00,24.611626099772327
2025-08-28T11:00:00+00:00,24.56067500796045
2025-08-28T12:00:00+00:00,24.585799694424217
2025-08-28T13:00:00+00:00,24.577832317727186
2025-08-28T14:00:00+00:00,24.67139894444087
2025-08-28T15:00:00+00:00,24.77386306809693
2025-08-28T16:00:00+00:00,24.956677499961216
2025-08-28T17:00:00+00:00,25.218896165912327
2025-08-28T18:00:00+00:00,25.077086492313267
2025-08-28T19:00:00+00:00,25.03134749211594
2025-08-28T20:00:00+00:00,25.103707225940024
2025-08-28T21:00:00+00:00,25.124873719336115
2025-08-28T22:00:00+00:00,24.972795529940427
2025-08-28T23:00:00+00:00,24.921564573291956
2025-08-29T00:00:00+00:00,24.93566127839489
2025-08-29T01:00:00+00:00,25.067317959818535
2025-08-29T02:00:00+00:00,25.0394490520606
2025-08-29T03:00:00+00:00,24.88018687583327
2025-08-29T04:00:00+00:00,24.894109788662
2025-08-29T05:00:00+00:00,24.894978018444593
2025-08-29T06:00:00+00:00,24.842754111189457
2025-08-29T07:00:00+00:00,24.95260262337418
2025-08-29T08:00:00+00:00,25.083300378449486
2025-08-29T09:00:00+00:00,25.283441711036062
2025-08-29T10:00:00+00:00,25.33034617299903
2025-08-29T11:00:00+00:00,25.279741505659466
2025-08-29T12:00:00+00:00,25.33880002889795
2025-08-29T13:00:00+00:00,25.13318765626329
2025-08-29T14:00:00+00:00,25.25987418468211
2025-08-29T15:00:00+00:00,25.28942994661745
2025-08-29T16:00:00+00:00,24.99132902549331
2025-08-29T17:00:00+00:00,25.105299844126744
2025-08-29T18:00:00+00:00,24.997006896022896
2025-08-29T19:00:00+00:00,25.07381098950586
2025-08-29T20:00:00+00:00,24.89548461372476
2025-08-29T21:00:00+00:00,24.898912996366057
2025-08-29T22:00:00+00:00,24.827180815962972
2025-08-29T23:00:00+00:00,24.855156066231242
2025-08-30T00:00:00+00:00,24.85336280457499
2025-08-30T01:00:00+00:00,24.974076330019734
2025-08-30T02:00:00+00:00,25.166254505394594
2025-08-30T03:00:00+00:00,25.045339850042062
2025-08-30T04:00:00+00:00,24.910004559111723
2025-08-30T05:00:00+00:00,24.90259167598256
2025-08-30T06:00:00+00:00,24.705102776622468
2025-08-30T07:00:00+00:00,24.626110359040446
2025-08-30T08:00:00+00:00,24.6415734870381
2025-08-30T09:00:00+00:00,24.67496349819825
2025-08-30T10:00:00+00:00,24.716202014241656
2025-08-30T11:00:00+00:00,24.68316936221378
2025-08-30T12:00:00+00:00,24.73764047195663
2025-08-30T13:00:00+00:00,24.861109361795236
2025-08-30T14:00:00+00:00,24.890796720373935
2025-08-30T15:00:00+00:00,24.899012869100915
2025-08-30T16:00:00+00:00,24.884938248435688
2025-08-30T17:00:00+00:00,24.93834961957157
2025-08-30T18:00:00+00:00,24.901797558137304
2025-08-30T19:00:00+00:00,24.981675963196707
2025-08-30T20:00:00+00:00,24.979590441832382
2025-08-30T21:00:00+00:00,25.00459065908565
2025-08-30T22:00:00+00:00,24.96565652987615
2025-08-30T23:00:00+00:00,24.917573926192436
2025-08-31T00:00:00+00:00,24.864475695646338
2025-08-31T01:00:00+00:00,24.460420837542358
2025-08-31T02:00:00+00:00,24.534227558542682
2025-08-31T03:00:00+00:00,24.572010045029483
2025-08-31T04:00:00+00:00,24.366872423069136
2025-08-31T05:00:00+00:00,24.360029843918
2025-08-31T06:00:00+00:00,24.395806572930116
2025-08-31T07:00:00+00:00,24.497165301748876
2025-08-31T08:00:00+00:00,24.421585382354124
2025-08-31T09:00:00+00:00,24.380288261419974
2025-08-31T10:00:00+00:00,24.291962540295298
2025-08-31T11:00:00+00:00,24.352137666295647
2025-08-31T12:00:00+00:00,24.229002165848204
2025-08-31T13:00:00+00:00,24.146315238533056
2025-08-31T14:00:00+00:00,24.238525594911493
2025-08-31T15:00:00+00:00,24.32049765209721
2025-08-31T16:00:00+00:00,24.26498920780934
2025-08-31T17:00:00+00:00,24.32989205984576
2025-08-31T18:00:00+00:00,24.30972856232702
2025-08-31T19:00:00+00:00,24.319765010687046
2025-08-31T20:00:00+00:00,24.43156997119795
2025-08-31T21:00:00+00:00,24.4850107514866
2025-08-31T22:00:00+00:00,24.386235804785738
2025-08-31T23:00:00+00:00,24.528732970624095
2025-09-01T00:00:00+00:00,24.664655085785803
2025-09-01T01:00:00+00:00,24.61358960623602
2025-09-01T02:00:00+00:00,24.475221177174653
2025-09-01T03:00:00+00:00,24.574161662925654
2025-09-01T04:00:00+00:00,24.433837561222155
2025-09-01T05:00:00+00:00,24.464324112096538
2025-09-01T06:00:00+00:00,24.549436274551294
2025-09-01T07:00:00+00:00,24.584024831430238
2025-09-01T08:00:00+00:00,24.421689086425026
2025-09-01T09:00:00+00:00,24.492603246260817
2025-09-01T10:00:00+00:00,24.62928027244132
2025-09-01T11:00:00+00:00,24.640451222557335
2025-09-01T12:00:00+00:00,24.74752357727733
2025-09-01T13:00:00+00:00,24.76847537798107
2025-09-01T14:00:00+00:00,24.864816639112107
2025-09-01T15:00:00+00:00,24.805608123817635
2025-09-01T16:00:00+00:00,24.914431194232073
2025-09-01T17:00:00+00:00,24.99523751728016
2025-09-01T18:00:00+00:00,25.19709217591042
2025-09-01T19:00:00+00:00,25.147576702302
2025-09-01T20:00:00+00:00,24.996754937805832
2025-09-01T21:00:00+00:00,25.386443399564957
2025-09-01T22:00:00+00:00,25.368853144845264
2025-09-01T23:00:00+00:00,25.29174947330495
2025-09-02T00:00:00+00:00,25.295065569487793
2025-09-02T01:00:00+00:00,25.337020114245426
2025-09-02T02:00:00+00:00,25.31463932087805
2025-09-02T03:00:00+00:00,25.200645748825664
2025-09-02T04:00:00+00:00,25.27606204654327
2025-09-02T05:00:00+00:00,25.128073686008424
2025-09-02T06:00:00+00:00,25.148554283156766
2025-09-02T07:00:00+00:00,25.068106068818587
2025-09-02T08:00:00+00:00,25.178049081902742
2025-09-02T09:00:00+00:00,25.100346585560768
2025-09-02T10:00:00+00:00,25.100141287183185
2025-09-02T11:00:00+00:00,25.101922283390007
2025-09-02T12:00:00+00:00,25.180341359769596
2025-09-02T13:00:00+00:00,25.430791279582497
2025-09-02T14:00:00+00:00,25.395292823254835
2025-09-02T15:00:00+00:00,25.597675691165303
2025-09-02T16:00:00+00:00,25.78107554693227
2025-09-02T17:00:00+00:00,25.750676688309365
2025-09-02T18:00:00+00:00,25.662758198189955
2025-09-02T19:00:00+00:00,25.735033297765668
2025-09-02T20:00:00+00:00,25.897714760388517
2025-09-02T21:00:00+00:00,25.773028860643233
2025-09-02T22:00:00+00:00,25.74841615806134
2025-09-02T23:00:00+00:00,25.721469429440997
2025-09-03T00:00:00+00:00,25.683038737940695
2025-09-03T01:00:00+00:00,25.810601880770523
2025-09-03T02:00:00+00:00,25.713020665393934
2025-09-03T03:00:00+00:00,25.658390725480924
2025-09-03T04:00:00+00:00,25.64782106740989
2025-09-03T05:00:00+00:00,25.631328107322766
2025-09-03T06:00:00+00:00,25.658950526443935
2025-09-03T07:00:00+00:00,25.700134397863838
2025-09-03T08:00:00+00:00,25.760415622284487
2025-09-03T09:00:00+00:00,25.69328029194197
2025-09-03T10:00:00+00:00,25.564754958838016
2025-09-03T11:00:00+00:00,25.489190251711637
2025-09-03T12:00:00+00:00,25.500916490506334
2025-09-03T13:00:00+00:00,25.52191483328466
2025-09-03T14:00:00+00:00,25.155563732301378
2025-09-03T15:00:00+00:00,25.12476086389516
2025-09-03T16:00:00+00:00,25.03464637952812
2025-09-03T17:00:00+00:00,25.01284371279283
2025-09-03T18:00:00+00:00,25.118299490670722
2025-09-03T19:00:00+00:00,25.074217642798402
2025-09-03T20:00:00+00:00,25.039798593060517
2025-09-03T21:00:00+00:00,25.136873586687322
2025-09-03T22:00:00+00:00,25.109862894659322
2025-09-03T23:00:00+00:00,25.04427141306752
2025-09-04T00:00:00+00:00,25.102131469990915
2025-09-04T01:00:00+00:00,25.09805270759655
2025-09-04T02:00:00+00:00,25.06472598862295
2025-09-04T03:00:00+00:00,25.228278950988575
2025-09-04T04:00:00+00:00,25.2944566465024
2025-09-04T05:00:00+00:00,25.228369510106823
2025-09-04T06:00:00+00:00,25.33272772613829
2025-09-04T07:00:00+00:00,25.302460115493925
2025-09-04T08:00:00+00:00,25.24603799451197
2025-09-04T09:00:00+00:00,25.311735523706254
2025-09-04T10:00:00+00:00,25.213572654637506
2025-09-04T11:00:00+00:00,25.13152470035753
2025-09-04T12:00:00+00:00,25.14995787669941
2025-09-04T13:00:00+00:00,25.166092966173288
2025-09-04T14:00:00+00:00,25.24020409356484
2025-09-04T15:00:00+00:00,25.255763154318952
2025-09-04T16:00:00+00:00,25.410483151685778
2025-09-04T17:00:00+00:00,25.441509168937653
2025-09-04T18:00:00+00:00,25.443921835558108
2025-09-04T19:00:00+00:00,25.704597585877334
2025-09-04T20:00:00+00:00,25.678210652300784
2025-09-04T21:00:00+00:00,25.62271041520504
2025-09-04T22:00:00+00:00,25.572441404725577
2025-09-04T23:00:00+00:00,25.59744238735348
2025-09-05T00:00:00+00:00,25.753962007554826
2025-09-05T01:00:00+00:00,25.740571871937586
2025-09-05T02:00:00+00:00,25.669222405332427
2025-09-05T03:00:00+00:00,25.76173957187115
2025-09-05T04:00:00+00:00,25.714613743709194
2025-09-05T05:00:00+00:00,25.722184431867515
2025-09-05T06:00:00+00:00,25.712657107539464
2025-09-05T07:00:00+00:00,25.817183618831525
2025-09-05T08:00:00+00:00,25.53251515554651
2025-09-05T09:00:00+00:00,25.560807353174198
2025-09-05T10:00:00+00:00,25.535232722366462
2025-09-05T11:00:00+00:00,25.452712855693267
2025-09-05T12:00:00+00:00,25.427236260541214
2025-09-05T13:00:00+00:00,25.3425401256695
2025-09-05T14:00:00+00:00,25.466015162976305
2025-09-05T15:00:00+00:00,25.926647925136713
2025-09-05T16:00:00+00:00,25.87950828103508
2025-09-05T17:00:00+00:00,25.799574279974728
2025-09-05T18:00:00+00:00,25.766231248418393
2025-09-05T19:00:00+00:00,25.781369887781846
2025-09-05T20:00:00+00:00,25.762636338530555
2025-09-05T21:00:00+00:00,25.720234701403196
2025-09-05T22:00:00+00:00,25.709623742087917
2025-09-05T23:00:00+00:00,25.740133977704087
2025-09-06T00:00:00+00:00,25.684440537044203
2025-09-06T01:00:00+00:00,25.625085093905227
2025-09-06T02:00:00+00:00,25.654801532950763
2025-09-06T03:00:00+00:00,25.720387605721157
2025-09-06T04:00:00+00:00,25.72608363048339
2025-09-06T05:00:00+00:00,25.736993605532096
2025-09-06T06:00:00+00:00,25.77692100160027
2025-09-06T07:00:00+00:00,25.790439448167195
2025-09-06T08:00:00+00:00,25.73357461930367
2025-09-06T09:00:00+00:00,25.748208444788112
2025-09-06T10:00:00+00:00,25.790055667359624
2025-09-06T11:00:00+00:00,25.74670384491599
2025-09-06T12:00:00+00:00,25.773255640812735
2025-09-06T13:00:00+00:00,25.78780240299938
2025-09-06T14:00:00+00:00,25.820872163672163
2025-09-06T15:00:00+00:00,25.797894365211697
2025-09-06T16:00:00+00:00,25.85547523248477
2025-09-06T17:00:00+00:00,25.702025554892394
2025-09-06T18:00:00+00:00,25.777332366539184
2025-09-06T19:00:00+00:00,25.790352415698802
2025-09-06T20:00:00+00:00,25.863103970035773
2025-09-06T21:00:00+00:00,25.740393455555065
2025-09-06T22:00:00+00:00,25.74153626788181
2025-09-06T23:00:00+00:00,25.75142155582891
2025-09-07T00:00:00+00:00,25.78707081478168
2025-09-07T01:00:00+00:00,25.75387413895094
2025-09-07T02:00:00+00:00,25.722122860387234
2025-09-07T03:00:00+00:00,25.691756147650885
2025-09-07T04:00:00+00:00,25.749744188613807
2025-09-07T05:00:00+00:00,25.709389997914034
2025-09-07T06:00:00+00:00,25.761782428767308
2025-09-07T07:00:00+00:00,25.792773986931902
2025-09-07T08:00:00+00:00,25.772429980751074
2025-09-07T09:00:00+00:00,25.816199802510983
2025-09-07T10:00:00+00:00,25.83560369380768
2025-09-07T11:00:00+00:00,25.814180930034283
2025-09-07T12:00:00+00:00,25.82707070758043
2025-09-07T13:00:00+00:00,25.831766958666233
2025-09-07T14:00:00+00:00,25.82954086250712
2025-09-07T15:00:00+00:00,25.853080213016735
2025-09-07T16:00:00+00:00,25.877908297626654
2025-09-07T17:00:00+00:00,25.926291446522473
2025-09-07T18:00:00+00:00,25.95539696112619
2025-09-07T19:00:00+00:00,25.94035762685745
2025-09-07T20:00:00+00:00,25.917530516081634
2025-09-07T21:00:00+00:00,25.900714936785295
2025-09-07T22:00:00+00:00,25.89845039262823
2025-09-07T23:00:00+00:00,25.790705405877272
2025-09-08T00:00:00+00:00,25.801930498840854
2025-09-08T01:00:00+00:00,25.776882307516136
2025-09-08T02:00:00+00:00,25.853874329669495
2025-09-08T03:00:00+00:00,25.80114068261519
2025-09-08T04:00:00+00:00,25.739858404674486
2025-09-08T05:00:00+00:00,25.825920769790475
2025-09-08T06:00:00+00:00,25.83026624276963
2025-09-08T07:00:00+00:00,25.880224496607255
2025-09-08T08:00:00+00:00,25.9432259376641
2025-09-08T09:00:00+00:00,25.97452613364301
2025-09-08T10:00:00+00:00,25.9454970995068
2025-09-08T11:00:00+00:00,25.881488702203274
2025-09-08T12:00:00+00:00,25.96744072175697
2025-09-08T13:00:00+00:00,25.93862351594793
2025-09-08T14:00:00+00:00,25.909001416869128
2025-09-08T15:00:00+00:00,25.91196217008536
2025-09-08T16:00:00+00:00,25.770385720639315
2025-09-08T17:00:00+00:00,25.90623033009051
2025-09-08T18:00:00+00:00,26.024641336077156
2025-09-08T19:00:00+00:00,25.98706779229248
2025-09-08T20:00:00+00:00,26.123082142492834
2025-09-08T21:00:00+00:00,26.076745341914386
2025-09-08T22:00:00+00:00,25.993656256129
2025-09-08T23:00:00+00:00,26.021971762167478
2025-09-09T00:00:00+00:00,25.984876812365535
2025-09-09T01:00:00+00:00,25.967022036118493
2025-09-09T02:00:00+00:00,25.985597885491757
2025-09-09T03:00:00+00:00,25.935550351273577
2025-09-09T04:00:00+00:00,25.937813224704144
2025-09-09T05:00:00+00:00,25.92773964119499
2025-09-09T06:00:00+00:00,25.968030312404732
2025-09-09T07:00:00+00:00,25.857934689677588
2025-09-09T08:00:00+00:00,25.923876092512117
2025-09-09T09:00:00+00:00,25.936566332478243
2025-09-09T10:00:00+00:00,25.943041033307427
2025-09-09T11:00:00+00:00,25.930666909103213
2025-09-09T12:00:00+00:00,25.888905155518618
2025-09-09T13:00:00+00:00,25.928207691682125
2025-09-09T14:00:00+00:00,25.921655268084567
2025-09-09T15:00:00+00:00,25.954591360836663
2025-09-09T16:00:00+00:00,25.868724734151854
2025-09-09T17:00:00+00:00,25.881035629626524
2025-09-09T18:00:00+00:00,25.891677856796388
2025-09-09T19:00:00+00:00,25.943475684508883
2025-09-09T20:00:00+00:00,25.932004840114114
2025-09-09T21:00:00+00:00,25.93228916870231
2025-09-09T22:00:00+00:00,25.878338735286118
2025-09-09T23:00:00+00:00,25.85669789729569
2025-09-10T00:00:00+00:00,25.883231701345796
2025-09-10T01:00:00+00:00,25.907246077312397
2025-09-10T02:00:00+00:00,25.803089202627106
2025-09-10T03:00:00+00:00,25.808831098136963
2025-09-10T04:00:00+00:00,25.842364384519232
2025-09-10T05:00:00+00:00,25.87535642974375
2025-09-10T06:00:00+00:00,25.885374880677077
2025-09-10T07:00:00+00:00,25.923570158755652
2025-09-10T08:00:00+00:00,25.97093677855407
2025-09-10T09:00:00+00:00,25.96260124830339
2025-09-10T10:00:00+00:00,25.959111620460067
2025-09-10T11:00:00+00:00,25.98768577238136
2025-09-10T12:00:00+00:00,25.941141368877343
2025-09-10T13:00:00+00:00,25.897794565817208
2025-09-10T14:00:00+00:00,25.811206379927704
2025-09-10T15:00:00+00:00,25.84028891530501
2025-09-10T16:00:00+00:00,25.851598950512635
2025-09-10T17:00:00+00:00,25.967221054750237
2025-09-10T18:00:00+00:00,26.075482731202186
2025-09-10T19:00:00+00:00,26.156862074174615
2025-09-10T20:00:00+00:00,26.25228165464233
2025-09-10T21:00:00+00:00,26.264168930838746
2025-09-10T22:00:00+00:00,26.15982962294289
2025-09-10T23:00:00+00:00,26.19091224592436
2025-09-11T00:00:00+00:00,26.211348568628107
2025-09-11T01:00:00+00:00,26.126252874067887
2025-09-11T02:00:00+00:00,26.09123283709906
2025-09-11T03:00:00+00:00,26.06300513951108
2025-09-11T04:00:00+00:00,25.962596954219837
2025-09-11T05:00:00+00:00,25.89812675979564
2025-09-11T06:00:00+00:00,25.86053156241951
2025-09-11T07:00:00+00:00,25.797070515457797
2025-09-11T08:00:00+00:00,25.696348913575097
2025-09-11T09:00:00+00:00,25.721051471099027
2025-09-11T10:00:00+00:00,25.7957746874923
2025-09-11T11:00:00+00:00,25.822851827099466
2025-09-11T12:00:00+00:00,25.69532735588357
2025-09-11T13:00:00+00:00,25.731264685517942
2025-09-11T14:00:00+00:00,25.72049822534874
2025-09-11T15:00:00+00:00,25.834352180341497
2025-09-11T16:00:00+00:00,25.922443000139367
2025-09-11T17:00:00+00:00,25.916041215322707
2025-09-11T18:00:00+00:00,25.857800024115942
2025-09-11T19:00:00+00:00,25.863904472320023
2025-09-11T20:00:00+00:00,25.86050456770766
2025-09-11T21:00:00+00:00,25.91450457488926
2025-09-11T22:00:00+00:00,25.858685807424347
2025-09-11T23:00:00+00:00,25.829616232199886
2025-09-12T00:00:00+00:00,25.88764939509091
2025-09-12T01:00:00+00:00,25.67164092972113
2025-09-12T02:00:00+00:00,25.681849382202902
2025-09-12T03:00:00+00:00,25.60188273950401
2025-09-12T04:00:00+00:00,25.565990712346252
2025-09-12T05:00:00+00:00,25.51654263874046
2025-09-12T06:00:00+00:00,25.416781162483066
2025-09-12T07:00:00+00:00,25.404160520595838
2025-09-12T08:00:00+00:00,25.42226190272546
2025-09-12T09:00:00+00:00,25.441418615972164
2025-09-12T10:00:00+00:00,25.495331893964668
2025-09-12T11:00:00+00:00,25.475719398647872
2025-09-12T12:00:00+00:00,25.426765333471934
2025-09-12T13:00:00+00:00,25.41078383141838
2025-09-12T14:00:00+00:00,25.398877641770902
2025-09-12T15:00:00+00:00,25.345371420751633
2025-09-12T16:00:00+00:00,25.3300817484797
2025-09-12T17:00:00+00:00,25.251196456134895
2025-09-12T18:00:00+00:00,25.137421523777874
2025-09-12T19:00:00+00:00,25.202614412076993
2025-09-12T20:00:00+00:00,25.048046796754893
2025-09-12T21:00:00+00:00,24.91478218118911
2025-09-12T22:00:00+00:00,24.900612793204136
2025-09-12T23:00:00+00:00,24.682673853983726
2025-09-13T00:00:00+00:00,24.66260040062537
2025-09-13T01:00:00+00:00,24.674480183944922
2025-09-13T02:00:00+00:00,24.638378961267385
2025-09-13T03:00:00+00:00,24.630940933502924
2025-09-13T04:00:00+00:00,24.339573949187645
2025-09-13T05:00:00+00:00,24.380188915766265
2025-09-13T06:00:00+00:00,24.504461305088114
2025-09-13T07:00:00+00:00,24.571778992838084
2025-09-13T08:00:00+00:00,24.561218298293287
2025-09-13T09:00:00+00:00,24.55138308327573
2025-09-13T10:00:00+00:00,24.51508135497943
2025-09-13T11:00:00+00:00,24.60435838883999
2025-09-13T12:00:00+00:00,24.567055724670876
2025-09-13T13:00:00+00:00,24.574355933257227
2025-09-13T14:00:00+00:00,24.764443363733694
2025-09-13T15:00:00+00:00,24.690096652553418
2025-09-13T16:00:00+00:00,24.868223238594066
2025-09-13T17:00:00+00:00,24.989685025019938
2025-09-13T18:00:00+00:00,24.96923798571128
2025-09-13T19:00:00+00:00,24.903393278158347
2025-09-13T20:00:00+00:00,24.968108252196863
2025-09-13T21:00:00+00:00,24.88010096529369
2025-09-13T22:00:00+00:00,24.846466050313715
2025-09-13T23:00:00+00:00,24.872361690938828
2025-09-14T00:00:00+00:00,24.836843390011563
2025-09-14T01:00:00+00:00,24.81582027958318
2025-09-14T02:00:00+00:00,24.802451680528176
2025-09-14T03:00:00+00:00,24.732332506262637
2025-09-14T04:00:00+00:00,24.808694184968804
2025-09-14T05:00:00+00:00,24.835426680412585
2025-09-14T06:00:00+00:00,24.812287407008952
2025-09-14T07:00:00+00:00,24.810417211544145
2025-09-14T08:00:00+00:00,24.877345482174746
2025-09-14T09:00:00+00:00,24.883205281249214
2025-09-14T10:00:00+00:00,24.861830849255973
2025-09-14T11:00:00+00:00,24.892864733283922
2025-09-14T12:00:00+00:00,24.975134441772013
2025-09-14T13:00:00+00:00,25.004169921510773
2025-09-14T14:00:00+00:00,25.020797775804315
2025-09-14T15:00:00+00:00,25.054964790731468
2025-09-14T16:00:00+00:00,25.17076672597331
2025-09-14T17:00:00+00:00,25.14136420000596
2025-09-14T18:00:00+00:00,25.072869355534774
2025-09-14T19:00:00+00:00,25.079230988684
2025-09-14T20:00:00+00:00,25.045467491327937
2025-09-14T21:00:00+00:00,25.08858371836829
2025-09-14T22:00:00+00:00,25.060368421442554
2025-09-14T23:00:00+00:00,25.066131592904462
2025-09-15T00:00:00+00:00,25.051745434883646
2025-09-15T01:00:00+00:00,25.01536300640708
2025-09-15T02:00:00+00:00,24.915653376136248
2025-09-15T03:00:00+00:00,24.966837882831125
2025-09-15T04:00:00+00:00,24.91263878256497
2025-09-15T05:00:00+00:00,25.004471844398914
2025-09-15T06:00:00+00:00,25.020857221184553
2025-09-15T07:00:00+00:00,25.067109049359605
2025-09-15T08:00:00+00:00,25.20958013227967
2025-09-15T09:00:00+00:00,25.444757841456067
2025-09-15T10:00:00+00:00,25.387034876884186
2025-09-15T11:00:00+00:00,25.32369006804766
2025-09-15T12:00:00+00:00,25.420938310527887
2025-09-15T13:00:00+00:00,25.39585170584979
2025-09-15T14:00:00+00:00,25.34827135906768
2025-09-15T15:00:00+00:00,25.41451690021357
2025-09-15T16:00:00+00:00,25.49018932287262
2025-09-15T17:00:00+00:00,25.511557106012507
2025-09-15T18:00:00+00:00,25.528630967106043
2025-09-15T19:00:00+00:00,25.58221074332369
2025-09-15T20:00:00+00:00,25.67196810656546
2025-09-15T21:00:00+00:00,25.566432284838644
2025-09-15T22:00:00+00:00,25.54388197379339
2025-09-15T23:00:00+00:00,25.532745229875854
2025-09-16T00:00:00+00:00,25.51140492467654
2025-09-16T01:00:00+00:00,25.485667174019394
2025-09-16T02:00:00+00:00,25.469055163973774
2025-09-16T03:00:00+00:00,25.470798330592327
2025-09-16T04:00:00+00:00,25.521012668052435
2025-09-16T05:00:00+00:00,25.553687924397426
2025-09-16T06:00:00+00:00,25.581799710576806
2025-09-16T07:00:00+00:00,25.69176573609691
2025-09-16T08:00:00+00:00,25.63790668745192
2025-09-16T09:00:00+00:00,25.64883965060653
2025-09-16T10:00:00+00:00,25.615817428618854
2025-09-16T11:00:00+00:00,25.64831535352422
2025-09-16T12:00:00+00:00,25.614171022958665
2025-09-16T13:00:00+00:00,25.651926771342886
2025-09-16T14:00:00+00:00,25.79298508863368
2025-09-16T15:00:00+00:00,25.929294966184873
2025-09-16T16:00:00+00:00,25.8909893164683
2025-09-16T17:00:00+00:00,25.954094724589982
2025-09-16T18:00:00+00:00,25.95645113036689
2025-09-16T19:00:00+00:00,25.995902098015794
2025-09-16T20:00:00+00:00,25.996072264139553
2025-09-16T21:00:00+00:00,26.014934852911743
2025-09-16T22:00:00+00:00,25.90408442664077
2025-09-16T23:00:00+00:00,25.836605007158813
2025-09-17T00:00:00+00:00,25.92497758595441
2025-09-17T01:00:00+00:00,25.847351003786837
2025-09-17T02:00:00+00:00,25.84418813116515
2025-09-17T03:00:00+00:00,25.772969456099258
2025-09-17T04:00:00+00:00,25.87228426955776
2025-09-17T05:00:00+00:00,25.975518112674973
2025-09-17T06:00:00+00:00,25.956438153078857
2025-09-17T07:00:00+00:00,25.80155189310335
2025-09-17T08:00:00+00:00,25.80764875792475
2025-09-17T09:00:00+00:00,25.901851440628857
2025-09-17T10:00:00+00:00,25.946230437971074
2025-09-17T11:00:00+00:00,25.95420145736435
2025-09-17T12:00:00+00:00,25.881499037141854
2025-09-17T13:00:00+00:00,25.809275078497954
2025-09-17T14:00:00+00:00,25.77409842354867
2025-09-17T15:00:00+00:00,25.77206987955679
2025-09-17T16:00:00+00:00,25.80269170653999
2025-09-17T17:00:00+00:00,25.75909255526539
2025-09-17T18:00:00+00:00,25.685885773973585
2025-09-17T19:00:00+00:00,25.809895388840932
2025-09-17T20:00:00+00:00,25.585680310331643
2025-09-17T21:00:00+00:00,25.697990863964986
2025-09-17T22:00:00+00:00,25.59980838869422
2025-09-17T23:00:00+00:00,25.37505497204326
2025-09-18T00:00:00+00:00,25.3599820977969
2025-09-18T01:00:00+00:00,25.376985029115314
2025-09-18T02:00:00+00:00,25.254262072217873
2025-09-18T03:00:00+00:00,25.351252325555752
2025-09-18T04:00:00+00:00,25.47410016879019
2025-09-18T05:00:00+00:00,25.51758249124137
2025-09-18T06:00:00+00:00,25.55796390685667
2025-09-18T07:00:00+00:00,25.610545133802468
2025-09-18T08:00:00+00:00,25.604000385649876
2025-09-18T09:00:00+00:00,25.47122206222129
2025-09-18T10:00:00+00:00,25.524418280200816
2025-09-18T11:00:00+00:00,25.594257064259164
2025-09-18T12:00:00+00:00,25.577986129884483
2025-09-18T13:00:00+00:00,25.608973662313204
2025-09-18T14:00:00+00:00,25.63703610014904
2025-09-18T15:00:00+00:00,25.60525143772458
2025-09-18T16:00:00+00:00,25.565651652302808
2025-09-18T17:00:00+00:00,25.424529494903354
2025-09-18T18:00:00+00:00,25.501144537308143
2025-09-18T19:00:00+00:00,25.529325738871755
2025-09-18T20:00:00+00:00,25.550721868787317
2025-09-18T21:00:00+00:00,25.53975024712156
2025-09-18T22:00:00+00:00,25.559697380748243
2025-09-18T23:00:00+00:00,25.529982807458346
2025-09-19T00:00:00+00:00,25.504732494607026
2025-09-19T01:00:00+00:00,25.452246068213935
2025-09-19T02:00:00+00:00,25.434598019122504
2025-09-19T03:00:00+00:00,25.510163492727603
2025-09-19T04:00:00+00:00,25.74032796840595
2025-09-19T05:00:00+00:00,25.69045544944189
2025-09-19T06:00:00+00:00,25.741446165541138
2025-09-19T07:00:00+00:00,25.79633510765695
2025-09-19T08:00:00+00:00,25.762684053114
2025-09-19T09:00:00+00:00,25.783303206363495
2025-09-19T10:00:00+00:00,25.77050427063983
2025-09-19T11:00:00+00:00,25.75028436146327
2025-09-19T12:00:00+00:00,25.750285330067804
2025-09-19T13:00:00+00:00,25.711573540390784
2025-09-19T14:00:00+00:00,25.660592140906527
2025-09-19T15:00:00+00:00,25.748359105757146
2025-09-19T16:00:00+00:00,25.889671372295993
2025-09-19T17:00:00+00:00,25.905343243964783
2025-09-19T18:00:00+00:00,25.911528326065962
2025-09-19T19:00:00+00:00,25.893472235015814
2025-09-19T20:00:00+00:00,25.926836187494207
2025-09-19T21:00:00+00:00,25.853169636567543
2025-09-19T22:00:00+00:00,25.82100246374317
2025-09-19T23:00:00+00:00,25.868046919858035
2025-09-20T00:00:00+00:00,25.879271164069905
2025-09-20T01:00:00+00:00,25.86416716015472
2025-09-20T02:00:00+00:00,25.89200822883742
2025-09-20T03:00:00+00:00,25.89113010495136
2025-09-20T04:00:00+00:00,25.855398398675497
2025-09-20T05:00:00+00:00,25.81390727276136
2025-09-20T06:00:00+00:00,25.83543860903052
2025-09-20T07:00:00+00:00,25.877669257989734
2025-09-20T08:00:00+00:00,25.894897648452122
2025-09-20T09:00:00+00:00,25.90194578710375
2025-09-20T10:00:00+00:00,25.905779343637704
2025-09-20T11:00:00+00:00,25.941438115969262
2025-09-20T12:00:00+00:00,25.934630390527605
2025-09-20T13:00:00+00:00,25.961928398079422
2025-09-20T14:00:00+00:00,25.957360739222022
2025-09-20T15:00:00+00:00,25.838793495535135
2025-09-20T16:00:00+00:00,25.809925092762324
2025-09-20T17:00:00+00:00,25.773168168853708
2025-09-20T18:00:00+00:00,25.822161341743243
2025-09-20T19:00:00+00:00,25.86945249448728
2025-09-20T20:00:00+00:00,25.819475568906714
2025-09-20T21:00:00+00:00,25.823512636697295
2025-09-20T22:00:00+00:00,25.783940686929622
2025-09-20T23:00:00+00:00,25.764134185419756
2025-09-21T00:00:00+00:00,25.809108337697438
2025-09-21T01:00:00+00:00,25.754792193620105
2025-09-21T02:00:00+00:00,25.78303084735109
2025-09-21T03:00:00+00:00,25.80905773051896
2025-09-21T04:00:00+00:00,25.826452680125044
2025-09-21T05:00:00+00:00,25.84310161014283
2025-09-21T06:00:00+00:00,25.80308957053367
2025-09-21T07:00:00+00:00,25.811021351819917
2025-09-21T08:00:00+00:00,25.85748772494886
2025-09-21T09:00:00+00:00,25.863629128845748
2025-09-21T10:00:00+00:00,25.899304394277273
2025-09-21T11:00:00+00:00,25.895330274676283
2025-09-21T12:00:00+00:00,25.92562312074605
2025-09-21T13:00:00+00:00,25.89378333617577
2025-09-21T14:00:00+00:00,25.829529108451748
2025-09-21T15:00:00+00:00,25.803627595973307
2025-09-21T16:00:00+00:00,25.780344952660663
2025-09-21T17:00:00+00:00,25.781657394957
2025-09-21T18:00:00+00:00,25.76820722033733
2025-09-21T19:00:00+00:00,25.697367457351774
2025-09-21T20:00:00+00:00,25.696229392531485
2025-09-21T21:00:00+00:00,25.771250941945095
2025-09-21T22:00:00+00:00,25.79355101681638
2025-09-21T23:00:00+00:00,25.826621895788957
2025-09-22T00:00:00+00:00,25.92967152686201
2025-09-22T01:00:00+00:00,26.385779282404954
2025-09-22T02:00:00+00:00,26.404320444372047
2025-09-22T03:00:00+00:00,26.657782994580778
2025-09-22T04:00:00+00:00,26.62280366394964
2025-09-22T05:00:00+00:00,26.692258441935827
2025-09-22T06:00:00+00:00,27.175185220189505
2025-09-22T07:00:00+00:00,26.909266042258473
2025-09-22T08:00:00+00:00,26.77925377357084
2025-09-22T09:00:00+00:00,26.81783249739649
2025-09-22T10:00:00+00:00,27.013748417511092
2025-09-22T11:00:00+00:00,26.985442361172414
2025-09-22T12:00:00+00:00,26.992385995988144
2025-09-22T13:00:00+00:00,26.88706525064567
2025-09-22T14:00:00+00:00,26.900333778212172
2025-09-22T15:00:00+00:00,26.889933536077464
2025-09-22T16:00:00+00:00,27.066753134637942
2025-09-22T17:00:00+00:00,27.04658646712609
2025-09-22T18:00:00+00:00,26.968189765258664
2025-09-22T19:00:00+00:00,27.029942634237162
2025-09-22T20:00:00+00:00,27.11420089914347
2025-09-22T21:00:00+00:00,26.966621543872325
2025-09-22T22:00:00+00:00,26.935455395447036
2025-09-22T23:00:00+00:00,26.882645660123096
2025-09-23T00:00:00+00:00,26.83674358505073
2025-09-23T01:00:00+00:00,26.804078970659646
2025-09-23T02:00:00+00:00,26.917387733676417
2025-09-23T03:00:00+00:00,26.95634828909734
2025-09-23T04:00:00+00:00,26.835032216295396
2025-09-23T05:00:00+00:00,26.92216995464527
2025-09-23T06:00:00+00:00,26.943247987934004
2025-09-23T07:00:00+00:00,26.87275142371957
2025-09-23T08:00:00+00:00,26.87815732083745
2025-09-23T09:00:00+00:00,26.871996379743802
2025-09-23T10:00:00+00:00,26.922432824235422
2025-09-23T11:00:00+00:00,26.94765326995667
2025-09-23T12:00:00+00:00,26.929322831742557
2025-09-23T13:00:00+00:00,26.945589084794157
2025-09-23T14:00:00+00:00,26.952162278266325
2025-09-23T15:00:00+00:00,26.932641480522854
2025-09-23T16:00:00+00:00,26.980891104578077
2025-09-23T17:00:00+00:00,26.95164471759788
2025-09-23T18:00:00+00:00,26.988404153730485
2025-09-23T19:00:00+00:00,26.891037803966995
2025-09-23T20:00:00+00:00,26.867111762031517
2025-09-23T21:00:00+00:00,26.797972565858146
2025-09-23T22:00:00+00:00,26.810532426335637
2025-09-23T23:00:00+00:00,26.824306150044002
2025-09-24T00:00:00+00:00,26.880517512236363
2025-09-24T01:00:00+00:00,26.878700676345744
2025-09-24T02:00:00+00:00,26.80703909116549
2025-09-24T03:00:00+00:00,26.904907730723934
2025-09-24T04:00:00+00:00,26.96921038574809
2025-09-24T05:00:00+00:00,27.074239951355313
2025-09-24T06:00:00+00:00,26.98909589453883
2025-09-24T07:00:00+00:00,26.951143673097317
2025-09-24T08:00:00+00:00,26.98646806189969
2025-09-24T09:00:00+00:00,26.976021549617
2025-09-24T10:00:00+00:00,26.9476581070805
2025-09-24T11:00:00+00:00,27.016721797197615
2025-09-24T12:00:00+00:00,27.031092765185864
2025-09-24T13:00:00+00:00,27.018422144933282
2025-09-24T14:00:00+00:00,27.16967294592311
2025-09-24T15:00:00+00:00,27.082661680345385
2025-09-24T16:00:00+00:00,27.194590533619294
2025-09-24T17:00:00+00:00,27.258164993583854
2025-09-24T18:00:00+00:00,27.18349351180553
2025-09-24T19:00:00+00:00,27.24831890477435
2025-09-24T20:00:00+00:00,27.24169741180902
2025-09-24T21:00:00+00:00,27.264615550032698
2025-09-24T22:00:00+00:00,27.37442551200782
2025-09-24T23:00:00+00:00,27.289507489670978
2025-09-25T00:00:00+00:00,27.287935001534088
2025-09-25T01:00:00+00:00,27.394800008965284
2025-09-25T02:00:00+00:00,27.50945064740625
2025-09-25T03:00:00+00:00,27.533671868187003
2025-09-25T04:00:00+00:00,27.769278730561936
2025-09-25T05:00:00+00:00,27.953939879551243
2025-09-25T06:00:00+00:00,27.759153525777183
2025-09-25T07:00:00+00:00,27.91714059492916
2025-09-25T08:00:00+00:00,27.867661631638125
2025-09-25T09:00:00+00:00,27.871041601271106
2025-09-25T10:00:00+00:00,27.738220738103575
2025-09-25T11:00:00+00:00,27.831249996352575
2025-09-25T12:00:00+00:00,27.835917251528866
2025-09-25T13:00:00+00:00,27.98528821676837
2025-09-25T14:00:00+00:00,27.905287473490677
2025-09-25T15:00:00+00:00,27.79276908634716
2025-09-25T16:00:00+00:00,27.846572692409506
2025-09-25T17:00:00+00:00,28.166592168564467
2025-09-25T18:00:00+00:00,28.395597195819075
2025-09-25T19:00:00+00:00,27.87999843846006
2025-09-25T20:00:00+00:00,27.966854388217154
2025-09-25T21:00:00+00:00,28.04569133478211
2025-09-25T22:00:00+00:00,28.011986683772708
2025-09-25T23:00:00+00:00,28.0705024332895
2025-09-26T00:00:00+00:00,28.248489406989723
2025-09-26T01:00:00+00:00,27.892876159740553
2025-09-26T02:00:00+00:00,27.77520110237942
2025-09-26T03:00:00+00:00,27.707552951022457
2025-09-26T04:00:00+00:00,27.622012711775607
2025-09-26T05:00:00+00:00,27.69175375176815
2025-09-26T06:00:00+00:00,27.875820511704312
2025-09-26T07:00:00+00:00,27.879590319254067
2025-09-26T08:00:00+00:00,27.710274527023685
2025-09-26T09:00:00+00:00,27.85276054304305
2025-09-26T10:00:00+00:00,28.0021113841644
2025-09-26T11:00:00+00:00,28.006174823147752
2025-09-26T12:00:00+00:00,27.963588774906516
2025-09-26T13:00:00+00:00,27.813436273493743
2025-09-26T14:00:00+00:00,27.563611856136717
2025-09-26T15:00:00+00:00,27.70635056978144
2025-09-26T16:00:00+00:00,27.634467975074383
2025-09-26T17:00:00+00:00,27.4044835043296
2025-09-26T18:00:00+00:00,27.227456851711704
2025-09-26T19:00:00+00:00,27.142480955202323
2025-09-26T20:00:00+00:00,27.12287282476805
2025-09-26T21:00:00+00:00,27.273906530051025
2025-09-26T22:00:00+00:00,27.2431133243356
2025-09-26T23:00:00+00:00,27.237000894256894
2025-09-27T00:00:00+00:00,27.166436466547523
2025-09-27T01:00:00+00:00,27.19556629471251
2025-09-27T02:00:00+00:00,27.2301159530456
2025-09-27T03:00:00+00:00,27.2694107764695
2025-09-27T04:00:00+00:00,27.277682756435393
2025-09-27T05:00:00+00:00,27.252782219729657
2025-09-27T06:00:00+00:00,27.273994229730853
2025-09-27T07:00:00+00:00,27.229963830202298
2025-09-27T08:00:00+00:00,27.30339561271174
2025-09-27T09:00:00+00:00,27.417848227522526
2025-09-27T10:00:00+00:00,27.349521136949193
2025-09-27T11:00:00+00:00,27.300180145331307
2025-09-27T12:00:00+00:00,27.330101237485177
2025-09-27T13:00:00+00:00,27.165924673889517
2025-09-27T14:00:00+00:00,27.18702113593793
2025-09-27T15:00:00+00:00,27.256119988338185
2025-09-27T16:00:00+00:00,27.236974114906044
2025-09-27T17:00:00+00:00,27.30171087409059
2025-09-27T18:00:00+00:00,27.35180036751243
2025-09-27T19:00:00+00:00,27.373302269143878
2025-09-27T20:00:00+00:00,27.322178457673687
2025-09-27T21:00:00+00:00,27.294390276543417
2025-09-27T22:00:00+00:00,27.267602934118564
2025-09-27T23:00:00+00:00,27.220158071968726
2025-09-28T00:00:00+00:00,27.288564617794044
2025-09-28T01:00:00+00:00,27.331307431432535
2025-09-28T02:00:00+00:00,27.386226336739025
2025-09-28T03:00:00+00:00,27.36220130482351
2025-09-28T04:00:00+00:00,27.36411048039535
2025-09-28T05:00:00+00:00,27.34784984806485
2025-09-28T06:00:00+00:00,27.267260280951053
2025-09-28T07:00:00+00:00,27.32444534711818
2025-09-28T08:00:00+00:00,27.28564202713007
2025-09-28T09:00:00+00:00,27.38128852912261
2025-09-28T10:00:00+00:00,27.42068999844161
2025-09-28T11:00:00+00:00,27.345184823756902
2025-09-28T12:00:00+00:00,27.40357898304273
2025-09-28T13:00:00+00:00,27.460333576257298
2025-09-28T14:00:00+00:00,27.30360436262205
2025-09-28T15:00:00+00:00,27.29710868087474
2025-09-28T16:00:00+00:00,27.328499901106152
2025-09-28T17:00:00+00:00,27.323841480046067
2025-09-28T18:00:00+00:00,27.273525794575818
2025-09-28T19:00:00+00:00,27.278614256639145
2025-09-28T20:00:00+00:00,27.327901019774156
2025-09-28T21:00:00+00:00,27.33054193154676
2025-09-28T22:00:00+00:00,27.359923038959916
2025-09-28T23:00:00+00:00,27.069773273170703
2025-09-29T00:00:00+00:00,27.06076048312619
2025-09-29T01:00:00+00:00,27.211937571380947
2025-09-29T02:00:00+00:00,27.161830130810994
2025-09-29T03:00:00+00:00,27.190675318594653
2025-09-29T04:00:00+00:00,27.123352267209135
2025-09-29T05:00:00+00:00,27.162414458321233
2025-09-29T06:00:00+00:00,27.168337410042174
2025-09-29T07:00:00+00:00,27.26302812006878
2025-09-29T08:00:00+00:00,27.226844538985542
2025-09-29T09:00:00+00:00,27.161054053252162
2025-09-29T10:00:00+00:00,27.129810441018744
2025-09-29T11:00:00+00:00,27.20452251002215
2025-09-29T12:00:00+00:00,27.32309670137557
2025-09-29T13:00:00+00:00,27.320965899231908
2025-09-29T14:00:00+00:00,27.14037648437069
2025-09-29T15:00:00+00:00,27.177292903184227
2025-09-29T16:00:00+00:00,27.324061255251188
2025-09-29T17:00:00+00:00,27.424980840708297
2025-09-29T18:00:00+00:00,27.434646947763838
2025-09-29T19:00:00+00:00,27.412728996975876
2025-09-29T20:00:00+00:00,27.29918105808123
2025-09-29T21:00:00+00:00,27.06338862402352
2025-09-29T22:00:00+00:00,27.044746851827
2025-09-29T23:00:00+00:00,27.058384783633645
2025-09-30T00:00:00+00:00,27.09441578715221
2025-09-30T01:00:00+00:00,27.194389206023057
2025-09-30T02:00:00+00:00,27.23327067375836
2025-09-30T03:00:00+00:00,27.260975808620316
2025-09-30T04:00:00+00:00,27.246848399741477
2025-09-30T05:00:00+00:00,27.278164130639368
2025-09-30T06:00:00+00:00,27.233167485031412
2025-09-30T07:00:00+00:00,27.155140833376
2025-09-30T08:00:00+00:00,27.171497980964002
2025-09-30T09:00:00+00:00,27.227003826367213
2025-09-30T10:00:00+00:00,27.227767121617614
2025-09-30T11:00:00+00:00,27.158517299251354
2025-09-30T12:00:00+00:00,27.12537453035332
2025-09-30T13:00:00+00:00,27.163706016235814
2025-09-30T14:00:00+00:00,27.307598896573413
2025-09-30T15:00:00+00:00,27.3670364675553
2025-09-30T16:00:00+00:00,27.4524733525709
2025-09-30T17:00:00+00:00,27.524733458412115
2025-09-30T18:00:00+00:00,27.643842494178436
2025-09-30T19:00:00+00:00,27.655402306198113
2025-09-30T20:00:00+00:00,27.471266709336376
2025-09-30T21:00:00+00:00,27.331352788400963
2025-09-30T22:00:00+00:00,27.399403967170326
2025-09-30T23:00:00+00:00,27.538661411530438
2025-10-01T00:00:00+00:00,27.544785069246462
2025-10-01T01:00:00+00:00,27.528912986769615
2025-10-01T02:00:00+00:00,27.42080484718469
2025-10-01T03:00:00+00:00,27.51456651957694
2025-10-01T04:00:00+00:00,27.654479227280934
2025-10-01T05:00:00+00:00,27.634561392955
2025-10-01T06:00:00+00:00,27.651116932089987
2025-10-01T07:00:00+00:00,27.6729447520138
2025-10-01T08:00:00+00:00,27.644583470481976
2025-10-01T09:00:00+00:00,26.943601133287828
2025-10-01T10:00:00+00:00,27.00247410195113
2025-10-01T11:00:00+00:00,27.150940563967563
2025-10-01T12:00:00+00:00,27.13685610900518
2025-10-01T13:00:00+00:00,27.20116779493221
2025-10-01T14:00:00+00:00,27.15256886582269
2025-10-01T15:00:00+00:00,27.086981811338376
2025-10-01T16:00:00+00:00,27.128524344593544
2025-10-01T17:00:00+00:00,27.209649661183178
2025-10-01T18:00:00+00:00,27.158631080482756
2025-10-01T19:00:00+00:00,27.166175485287948
2025-10-01T20:00:00+00:00,27.073123442363293
2025-10-01T21:00:00+00:00,27.138597619816906
2025-10-01T22:00:00+00:00,27.293746621816478
2025-10-01T23:00:00+00:00,27.30944948736415
2025-10-02T00:00:00+00:00,27.258297284532265
2025-10-02T01:00:00+00:00,27.337361567784917
2025-10-02T02:00:00+00:00,27.0160071273886
2025-10-02T03:00:00+00:00,27.047221822115304
2025-10-02T04:00:00+00:00,27.128153722233098
2025-10-02T05:00:00+00:00,27.132997734904997
2025-10-02T06:00:00+00:00,26.995777934792546
2025-10-02T07:00:00+00:00,26.967438962812253
2025-10-02T08:00:00+00:00,27.09406911122536
2025-10-02T09:00:00+00:00,27.03788275746441
2025-10-02T10:00:00+00:00,27.048986286468804
2025-10-02T11:00:00+00:00,27.08527443556592
2025-10-02T12:00:00+00:00,27.098558556731824
2025-10-02T13:00:00+00:00,27.184295137083346
2025-10-02T14:00:00+00:00,27.078919268884704
2025-10-02T15:00:00+00:00,27.203316998150562
2025-10-02T16:00:00+00:00,27.026933066120517
2025-10-02T17:00:00+00:00,26.93043760752236
2025-10-02T18:00:00+00:00,26.824452420853405
2025-10-02T19:00:00+00:00,26.830967885633907
2025-10-02T20:00:00+00:00,26.875584012919024
2025-10-02T21:00:00+00:00,26.89450414855673
2025-10-02T22:00:00+00:00,26.913649099175455
2025-10-02T23:00:00+00:00,26.93330458728888
2025-10-03T00:00:00+00:00,26.921425970326794
2025-10-03T01:00:00+00:00,26.888926362881
2025-10-03T02:00:00+00:00,26.851735506480995
2025-10-03T03:00:00+00:00,26.697663372338457
2025-10-03T04:00:00+00:00,26.594500594914734
2025-10-03T05:00:00+00:00,26.733004693781687
2025-10-03T06:00:00+00:00,26.798893224070266
2025-10-03T07:00:00+00:00,26.851422731407183
2025-10-03T08:00:00+00:00,26.839457891814448
2025-10-03T09:00:00+00:00,26.89464401196872
2025-10-03T10:00:00+00:00,26.902541381283257
2025-10-03T11:00:00+00:00,26.807207526388826
2025-10-03T12:00:00+00:00,26.876620909474486
2025-10-03T13:00:00+00:00,26.846313159542674
2025-10-03T14:00:00+00:00,26.958623722326074
2025-10-03T15:00:00+00:00,26.972980827523166
2025-10-03T16:00:00+00:00,26.90711955483158
2025-10-03T17:00:00+00:00,27.03531430681673
2025-10-03T18:00:00+00:00,27.25164769330959
2025-10-03T19:00:00+00:00,27.19067886325999
2025-10-03T20:00:00+00:00,27.140473674573588
2025-10-03T21:00:00+00:00,27.060169490943196
2025-10-03T22:00:00+00:00,27.050067344793156
2025-10-03T23:00:00+00:00,27.07174138055852
2025-10-04T00:00:00+00:00,27.085342106104502
2025-10-04T01:00:00+00:00,27.153840937702203
2025-10-04T02:00:00+00:00,27.18151563973531
2025-10-04T03:00:00+00:00,27.19678572893695
2025-10-04T04:00:00+00:00,27.249940123313092
2025-10-04T05:00:00+00:00,27.261644903850055
2025-10-04T06:00:00+00:00,27.217526525492808
2025-10-04T07:00:00+00:00,27.171024505627187
2025-10-04T08:00:00+00:00,27.210915009684722
2025-10-04T09:00:00+00:00,27.215957171715104
2025-10-04T10:00:00+00:00,27.22020875400763
2025-10-04T11:00:00+00:00,27.22307166200014
2025-10-04T12:00:00+00:00,27.212119611870097
2025-10-04T13:00:00+00:00,27.238475627598973
2025-10-04T14:00:00+00:00,27.210116057750547
2025-10-04T15:00:00+00:00,27.267999703422124
2025-10-04T16:00:00+00:00,27.35570490182908
2025-10-04T17:00:00+00:00,27.278461304981036
2025-10-04T18:00:00+00:00,27.301848445816283
2025-10-04T19:00:00+00:00,27.29938658912811
2025-10-04T20:00:00+00:00,27.306615345072608
2025-10-04T21:00:00+00:00,27.25592411185364
2025-10-04T22:00:00+00:00,27.23773158825512
2025-10-04T23:00:00+00:00,27.228978287348273
2025-10-05T00:00:00+00:00,27.269823648701177
2025-10-05T01:00:00+00:00,27.343174743999587
2025-10-05T02:00:00+00:00,27.267333808429772
2025-10-05T03:00:00+00:00,27.14037129375834
2025-10-05T04:00:00+00:00,27.284328589470384
2025-10-05T05:00:00+00:00,27.367888590590056
2025-10-05T06:00:00+00:00,27.35803992876164
2025-10-05T07:00:00+00:00,27.418017598188452
2025-10-05T08:00:00+00:00,27.118367755666068
2025-10-05T09:00:00+00:00,27.20015674984245
2025-10-05T10:00:00+00:00,26.99445718120139
2025-10-05T11:00:00+00:00,27.094037636165435
2025-10-05T12:00:00+00:00,27.127998978980788
2025-10-05T13:00:00+00:00,27.145721408276497
2025-10-05T14:00:00+00:00,27.15447055640367
2025-10-05T15:00:00+00:00,27.13288077630978
2025-10-05T16:00:00+00:00,27.112945024609544
2025-10-05T17:00:00+00:00,27.23495792438603
2025-10-05T18:00:00+00:00,27.32110598598731
2025-10-05T19:00:00+00:00,27.230870442310707
2025-10-05T20:00:00+00:00,27.331471961406073
2025-10-05T21:00:00+00:00,27.288031415400816
2025-10-05T22:00:00+00:00,27.23631976967733
2025-10-05T23:00:00+00:00,27.32679218888953
2025-10-06T00:00:00+00:00,27.366375715853003
2025-10-06T01:00:00+00:00,27.400174996657558
2025-10-06T02:00:00+00:00,27.402078584321938
2025-10-06T03:00:00+00:00,27.34098493217626
2025-10-06T04:00:00+00:00,27.343035873017516
2025-10-06T05:00:00+00:00,27.357436457156883
2025-10-06T06:00:00+00:00,27.28964102580816
2025-10-06T07:00:00+00:00,27.226970666583107
2025-10-06T08:00:00+00:00,27.229297733710883
2025-10-06T09:00:00+00:00,27.147802557474186
2025-10-06T10:00:00+00:00,27.074742240393874
2025-10-06T11:00:00+00:00,27.109547216886792
2025-10-06T12:00:00+00:00,27.176642244833914
2025-10-06T13:00:00+00:00,27.197386658414416
2025-10-06T14:00:00+00:00,26.97409182173018
2025-10-06T15:00:00+00:00,26.849081704406178
2025-10-06T16:00:00+00:00,26.740607320347642
2025-10-06T17:00:00+00:00,26.770303544062248
2025-10-06T18:00:00+00:00,26.653999458394324
2025-10-06T19:00:00+00:00,26.71915045547138
2025-10-06T20:00:00+00:00,26.680228239991674
2025-10-06T21:00:00+00:00,26.70204403542141
2025-10-06T22:00:00+00:00,26.69050774574854
2025-10-06T23:00:00+00:00,26.607937104241167
2025-10-07T00:00:00+00:00,26.62232755164924
2025-10-07T01:00:00+00:00,26.682823724355934
2025-10-07T02:00:00+00:00,26.657498746128056
2025-10-07T03:00:00+00:00,26.569849205171174
2025-10-07T04:00:00+00:00,26.49774020482542
2025-10-07T05:00:00+00:00,26.421494410292368
2025-10-07T06:00:00+00:00,26.39835175608444
2025-10-07T07:00:00+00:00,26.512555131196045
2025-10-07T08:00:00+00:00,26.46907892359591
2025-10-07T09:00:00+00:00,26.528088652600882
2025-10-07T10:00:00+00:00,26.51951723916071
2025-10-07T11:00:00+00:00,26.487341621737723
2025-10-07T12:00:00+00:00,26.466714265938272
2025-10-07T13:00:00+00:00,26.272657696789423
2025-10-07T14:00:00+00:00,26.36091987586308
2025-10-07T15:00:00+00:00,26.684033898978985
2025-10-07T16:00:00+00:00,27.0030112832266
2025-10-07T17:00:00+00:00,27.077895540264336
2025-10-07T18:00:00+00:00,27.08067985539185
2025-10-07T19:00:00+00:00,27.08282025818402
2025-10-07T20:00:00+00:00,27.15740507772973
2025-10-07T21:00:00+00:00,27.09265838786665
2025-10-07T22:00:00+00:00,27.202968133690273
2025-10-07T23:00:00+00:00,27.132457885178724
2025-10-08T00:00:00+00:00,27.236608233594133
2025-10-08T01:00:00+00:00,27.266633503377935
2025-10-08T02:00:00+00:00,27.198332798559946
2025-10-08T03:00:00+00:00,27.22759651003327
2025-10-08T04:00:00+00:00,27.33371990897722
2025-10-08T05:00:00+00:00,27.321461922437987
2025-10-08T06:00:00+00:00,27.332932898683605
2025-10-08T07:00:00+00:00,27.361666947586624
2025-10-08T08:00:00+00:00,27.207446992801675
2025-10-08T09:00:00+00:00,27.300978592460698
2025-10-08T10:00:00+00:00,27.34908612340636
2025-10-08T11:00:00+00:00,27.31011112960813
2025-10-08T12:00:00+00:00,27.389219644400676
2025-10-08T13:00:00+00:00,27.424343900974733
2025-10-08T14:00:00+00:00,27.35427751904402
2025-10-08T15:00:00+00:00,27.441097534414872
2025-10-08T16:00:00+00:00,27.448464472611903
2025-10-08T17:00:00+00:00,27.38824658727378
2025-10-08T18:00:00+00:00,27.340168187106546
2025-10-08T19:00:00+00:00,27.318016951314632
2025-10-08T20:00:00+00:00,27.344284591646467
2025-10-08T21:00:00+00:00,27.32740633731197
2025-10-08T22:00:00+00:00,27.29048650727732
2025-10-08T23:00:00+00:00,27.27005888671802
2025-10-09T00:00:00+00:00,27.256516040979253
2025-10-09T01:00:00+00:00,27.242397505447965
2025-10-09T02:00:00+00:00,27.367246368707928
2025-10-09T03:00:00+00:00,27.565720118155603
2025-10-09T04:00:00+00:00,27.397628660533673
2025-10-09T05:00:00+00:00,27.4004783915625
2025-10-09T06:00:00+00:00,27.3981276636957
2025-10-09T07:00:00+00:00,27.543261727978077
2025-10-09T08:00:00+00:00,27.49052549775074
2025-10-09T09:00:00+00:00,28.016126198365612
2025-10-09T10:00:00+00:00,28.102700292454006
2025-10-09T11:00:00+00:00,28.068619234955214
2025-10-09T12:00:00+00:00,28.052206061945427
2025-10-09T13:00:00+00:00,28.040404394964234
2025-10-09T14:00:00+00:00,28.097419257036776
2025-10-09T15:00:00+00:00,27.92128195928089
2025-10-09T16:00:00+00:00,28.06184119613046
2025-10-09T17:00:00+00:00,27.958554042367922
2025-10-09T18:00:00+00:00,27.935679283379994
2025-10-09T19:00:00+00:00,28.04747247210279
2025-10-09T20:00:00+00:00,27.920711108963413
2025-10-09T21:00:00+00:00,27.932748561601112
2025-10-09T22:00:00+00:00,27.90070118142706
2025-10-09T23:00:00+00:00,27.819789969946065
2025-10-10T00:00:00+00:00,27.849078762191688
2025-10-10T01:00:00+00:00,27.791290427023917
2025-10-10T02:00:00+00:00,27.827055671555183
2025-10-10T03:00:00+00:00,27.790270234022497
2025-10-10T04:00:00+00:00,27.894655281668868
2025-10-10T05:00:00+00:00,27.940620974474825
2025-10-10T06:00:00+00:00,27.84396024110523
2025-10-10T07:00:00+00:00,28.06959738181635
2025-10-10T08:00:00+00:00,28.00460190799295
2025-10-10T09:00:00+00:00,27.991343177137345
2025-10-10T10:00:00+00:00,28.117714699826823
2025-10-10T11:00:00+00:00,27.990810937223777
2025-10-10T12:00:00+00:00,27.97905886459446
2025-10-10T13:00:00+00:00,27.99455181149337
2025-10-10T14:00:00+00:00,28.00753026460788
2025-10-10T15:00:00+00:00,28.006214333001786
2025-10-10T16:00:00+00:00,29.067204792496106
2025-10-10T17:00:00+00:00,28.90127505298402
2025-10-10T18:00:00+00:00,28.740305545220256
2025-10-10T19:00:00+00:00,28.8786911478258
2025-10-10T20:00:00+00:00,29.142069273927564
2025-10-10T21:00:00+00:00,29.72307430668727
2025-10-10T22:00:00+00:00,28.78948853266233
2025-10-10T23:00:00+00:00,29.01211977368938
2025-10-11T00:00:00+00:00,29.624920416891822
2025-10-11T01:00:00+00:00,29.247319811605397
2025-10-11T02:00:00+00:00,29.727889017431444
2025-10-11T03:00:00+00:00,29.436911863183813
2025-10-11T04:00:00+00:00,29.546331395271487
2025-10-11T05:00:00+00:00,29.48545349191764
2025-10-11T06:00:00+00:00,29.570766654759947
2025-10-11T07:00:00+00:00,29.641961319282185
2025-10-11T08:00:00+00:00,29.373293282367523
2025-10-11T09:00:00+00:00,29.15110522143164
2025-10-11T10:00:00+00:00,29.17887409489753
2025-10-11T11:00:00+00:00,29.27928631740738
2025-10-11T12:00:00+00:00,29.271390458489883
2025-10-11T13:00:00+00:00,29.375186041047723
2025-10-11T14:00:00+00:00,29.264234331062056
2025-10-11T15:00:00+00:00,29.325904072958576
2025-10-11T16:00:00+00:00,29.228092634129094
2025-10-11T17:00:00+00:00,29.27899496181157
2025-10-11T18:00:00+00:00,29.251975665599097
2025-10-11T19:00:00+00:00,29.37852939454956
2025-10-11T20:00:00+00:00,29.502879456316712
2025-10-11T21:00:00+00:00,29.914386198565154
2025-10-11T22:00:00+00:00,29.657462553968525
2025-10-11T23:00:00+00:00,29.63862562781974
2025-10-12T00:00:00+00:00,29.596645004466247
2025-10-12T01:00:00+00:00,29.652358935524816
2025-10-12T02:00:00+00:00,29.577482154532092
2025-10-12T03:00:00+00:00,29.447203002988577
2025-10-12T04:00:00+00:00,29.294582323629577
2025-10-12T05:00:00+00:00,29.324815021493606
2025-10-12T06:00:00+00:00,29.324292179500713
2025-10-12T07:00:00+00:00,29.181848189634362
2025-10-12T08:00:00+00:00,29.151392052783436
2025-10-12T09:00:00+00:00,29.141345042711606
2025-10-12T10:00:00+00:00,29.095307438465355
2025-10-12T11:00:00+00:00,29.274392943136228
2025-10-12T12:00:00+00:00,29.26311815971475
2025-10-12T13:00:00+00:00,29.21620372132672
2025-10-12T14:00:00+00:00,29.169924743139948
2025-10-12T15:00:00+00:00,28.08545888195187
2025-10-12T16:00:00+00:00,27.917543222392215
2025-10-12T17:00:00+00:00,27.814921910458633
2025-10-12T18:00:00+00:00,27.583226967776458
2025-10-12T19:00:00+00:00,27.67454488468518
2025-10-12T20:00:00+00:00,27.632932650730023
2025-10-12T21:00:00+00:00,27.807002505062705
2025-10-12T22:00:00+00:00,27.715896256815242
2025-10-12T23:00:00+00:00,27.877197603533318
2025-10-13T00:00:00+00:00,27.671351355516244
2025-10-13T01:00:00+00:00,27.80209808764976
2025-10-13T02:00:00+00:00,27.71188949457104
2025-10-13T03:00:00+00:00,27.72124926655727
2025-10-13T04:00:00+00:00,27.732872294262922
2025-10-13T05:00:00+00:00,27.68795112053387
2025-10-13T06:00:00+00:00,27.769933868383184
2025-10-13T07:00:00+00:00,27.607069568374815
2025-10-13T08:00:00+00:00,27.597956447630143
2025-10-13T09:00:00+00:00,27.574574391502118
2025-10-13T10:00:00+00:00,27.669261735319026
2025-10-13T11:00:00+00:00,27.657771619019492
2025-10-13T12:00:00+00:00,28.03403071140856
2025-10-13T13:00:00+00:00,27.897383481919576
2025-10-13T14:00:00+00:00,27.65160502893129
2025-10-13T15:00:00+00:00,27.915864039898537
2025-10-13T16:00:00+00:00,27.708746977109907
2025-10-13T17:00:00+00:00,27.498243839239024
2025-10-13T18:00:00+00:00,27.112485486726875
2025-10-13T19:00:00+00:00,27.287142804965626
2025-10-13T20:00:00+00:00,27.141939159810953
2025-10-13T21:00:00+00:00,27.096427154658937
2025-10-13T22:00:00+00:00,27.159348275619003
2025-10-13T23:00:00+00:00,27.03972863539812
2025-10-14T00:00:00+00:00,27.12046897157199
2025-10-14T01:00:00+00:00,27.158042595646606
2025-10-14T02:00:00+00:00,27.196145274535425
2025-10-14T03:00:00+00:00,27.221801916631293
2025-10-14T04:00:00+00:00,27.315743165150618
2025-10-14T05:00:00+00:00,27.634062897565236
2025-10-14T06:00:00+00:00,27.70158046943107
2025-10-14T07:00:00+00:00,27.957057414339342
2025-10-14T08:00:00+00:00,28.0722864878264
2025-10-14T09:00:00+00:00,28.01852722735104
2025-10-14T10:00:00+00:00,27.98802731019369
2025-10-14T11:00:00+00:00,28.06748852875253
2025-10-14T12:00:00+00:00,28.088783809880745
2025-10-14T13:00:00+00:00,28.115470639518133
2025-10-14T14:00:00+00:00,28.052244410474632
2025-10-14T15:00:00+00:00,28.069296590138535
2025-10-14T16:00:00+00:00,27.668958843209584
2025-10-14T17:00:00+00:00,27.274570918915334
2025-10-14T18:00:00+00:00,27.415840784951506
2025-10-14T19:00:00+00:00,27.398770683444003
2025-10-14T20:00:00+00:00,27.43987941667007
2025-10-14T21:00:00+00:00,27.457722508925237
2025-10-14T22:00:00+00:00,27.392724846875836
2025-10-14T23:00:00+00:00,27.47588853322489
2025-10-15T00:00:00+00:00,27.424107340102246
2025-10-15T01:00:00+00:00,27.45571175560958
2025-10-15T02:00:00+00:00,27.388019065758893
2025-10-15T03:00:00+00:00,27.41719093852356
2025-10-15T04:00:00+00:00,27.4558951215033
2025-10-15T05:00:00+00:00,27.29624226516456
2025-10-15T06:00:00+00:00,27.34813466641549
2025-10-15T07:00:00+00:00,27.34503621076055
2025-10-15T08:00:00+00:00,27.321228280869136
2025-10-15T09:00:00+00:00,27.06271768099431
2025-10-15T10:00:00+00:00,27.097344636989835
2025-10-15T11:00:00+00:00,27.259642289186278
2025-10-15T12:00:00+00:00,27.296547410643253
2025-10-15T13:00:00+00:00,27.27526194232797
2025-10-15T14:00:00+00:00,27.462198673125858
2025-10-15T15:00:00+00:00,27.76795181977163
2025-10-15T16:00:00+00:00,27.820869304940423
2025-10-15T17:00:00+00:00,27.85731029047155
2025-10-15T18:00:00+00:00,27.790414096301262
2025-10-15T19:00:00+00:00,27.77684571747413
2025-10-15T20:00:00+00:00,27.924105090205273
2025-10-15T21:00:00+00:00,28.028639974134524
2025-10-15T22:00:00+00:00,28.0833560090025
2025-10-15T23:00:00+00:00,27.923119707386693
2025-10-16T00:00:00+00:00,27.81237699295509
2025-10-16T01:00:00+00:00,27.732691074729278
2025-10-16T02:00:00+00:00,27.72111375548813
2025-10-16T03:00:00+00:00,27.654740557727745
2025-10-16T04:00:00+00:00,27.767695540902753
2025-10-16T05:00:00+00:00,27.76723844588807
2025-10-16T06:00:00+00:00,27.783982373240743
2025-10-16T07:00:00+00:00,27.59959455524758
2025-10-16T08:00:00+00:00,27.659787762307946
2025-10-16T09:00:00+00:00,27.75001287786394
2025-10-16T10:00:00+00:00,27.618505337775485
2025-10-16T11:00:00+00:00,27.49905950376135
2025-10-16T12:00:00+00:00,27.408462494152726
2025-10-16T13:00:00+00:00,27.507090519488347
2025-10-16T14:00:00+00:00,27.61459834414184
2025-10-16T15:00:00+00:00,27.519928366369655
2025-10-16T16:00:00+00:00,27.856513591463145
2025-10-16T17:00:00+00:00,27.6447535157478
2025-10-16T18:00:00+00:00,27.631543028015052
2025-10-16T19:00:00+00:00,27.789485566105565
2025-10-16T20:00:00+00:00,27.858522342069218
2025-10-16T21:00:00+00:00,27.95272930952889
2025-10-16T22:00:00+00:00,27.948280207493067
2025-10-16T23:00:00+00:00,27.84174718717634
2025-10-17T00:00:00+00:00,27.77385308953919
2025-10-17T01:00:00+00:00,27.677521531877005
2025-10-17T02:00:00+00:00,27.79640202212941
2025-10-17T03:00:00+00:00,27.7446669939839
2025-10-17T04:00:00+00:00,27.74676868891631
2025-10-17T05:00:00+00:00,27.83390832221789
2025-10-17T06:00:00+00:00,27.7929959447854
2025-10-17T07:00:00+00:00,28.0065380561964
2025-10-17T08:00:00+00:00,28.076728686842745
2025-10-17T09:00:00+00:00,28.271907390537294
2025-10-17T10:00:00+00:00,28.07927476478604
2025-10-17T11:00:00+00:00,28.066484943080734
2025-10-17T12:00:00+00:00,27.986083352771054
2025-10-17T13:00:00+00:00,27.876978606502075
2025-10-17T14:00:00+00:00,27.81043772821116
2025-10-17T15:00:00+00:00,28.06187234317497
2025-10-17T16:00:00+00:00,28.03984180163605
2025-10-17T17:00:00+00:00,28.0701713313186
2025-10-17T18:00:00+00:00,27.889311792064934
2025-10-17T19:00:00+00:00,27.85016602010884
2025-10-17T20:00:00+00:00,27.81644686023298
2025-10-17T21:00:00+00:00,27.76776778201164
2025-10-17T22:00:00+00:00,27.661323801337815
2025-10-17T23:00:00+00:00,27.770650056923948
2025-10-18T00:00:00+00:00,27.815027290025828
2025-10-18T01:00:00+00:00,27.83397256561015
2025-10-18T02:00:00+00:00,27.720880610480112
2025-10-18T03:00:00+00:00,27.70626788352206
2025-10-18T04:00:00+00:00,27.671305192740906
2025-10-18T05:00:00+00:00,27.684272477201137
2025-10-18T06:00:00+00:00,27.625917378551232
2025-10-18T07:00:00+00:00,27.59301225384117
2025-10-18T08:00:00+00:00,27.37577772827824
2025-10-18T09:00:00+00:00,27.536798034533668
2025-10-18T10:00:00+00:00,27.563950396751935
2025-10-18T11:00:00+00:00,27.59878238461795
2025-10-18T12:00:00+00:00,27.627822227830034
2025-10-18T13:00:00+00:00,27.600262779272892
2025-10-18T14:00:00+00:00,27.680167115368103
2025-10-18T15:00:00+00:00,27.629274339598563
2025-10-18T16:00:00+00:00,27.583878557695932
2025-10-18T17:00:00+00:00,27.602927134796953
2025-10-18T18:00:00+00:00,27.488062874653284
2025-10-18T19:00:00+00:00,27.47710153940598
2025-10-18T20:00:00+00:00,27.497417927059196
2025-10-18T21:00:00+00:00,27.56570195347374
2025-10-18T22:00:00+00:00,27.558566265075783
2025-10-18T23:00:00+00:00,27.574742474299597
2025-10-19T00:00:00+00:00,27.566857004060342
2025-10-19T01:00:00+00:00,27.63669561533697
2025-10-19T02:00:00+00:00,27.623997513425273
2025-10-19T03:00:00+00:00,27.578491090194444
2025-10-19T04:00:00+00:00,27.45944551900843
2025-10-19T05:00:00+00:00,27.438746643649853
2025-10-19T06:00:00+00:00,27.477346340925227
2025-10-19T07:00:00+00:00,27.54102009382596
2025-10-19T08:00:00+00:00,27.44360467106362
2025-10-19T09:00:00+00:00,27.506116697902193
2025-10-19T10:00:00+00:00,27.415956676491508
2025-10-19T11:00:00+00:00,27.446394704962202
2025-10-19T12:00:00+00:00,27.48030479031946
2025-10-19T13:00:00+00:00,27.427872561841525
2025-10-19T14:00:00+00:00,27.257056528060655
2025-10-19T15:00:00+00:00,27.15219783965585
2025-10-19T16:00:00+00:00,27.251002316183417
2025-10-19T17:00:00+00:00,27.262825354179494
2025-10-19T18:00:00+00:00,27.32806659392155
2025-10-19T19:00:00+00:00,27.334310190278003
2025-10-19T20:00:00+00:00,27.3231442250858
2025-10-19T21:00:00+00:00,27.210281012840095
2025-10-19T22:00:00+00:00,27.222408131664906
2025-10-19T23:00:00+00:00,27.14402457758042
2025-10-20T00:00:00+00:00,27.26805746360633
2025-10-20T01:00:00+00:00,27.400044858190366
2025-10-20T02:00:00+00:00,27.441258948711916
2025-10-20T03:00:00+00:00,27.50141730138059
2025-10-20T04:00:00+00:00,27.341284368785697
2025-10-20T05:00:00+00:00,27.262565478220115
2025-10-20T06:00:00+00:00,27.27237509078623
2025-10-20T07:00:00+00:00,27.273331132760823
2025-10-20T08:00:00+00:00,27.405846998888332
2025-10-20T09:00:00+00:00,27.47774608412864
2025-10-20T10:00:00+00:00,27.4375486002081
2025-10-20T11:00:00+00:00,27.53540686430163
2025-10-20T12:00:00+00:00,27.496854353708734
2025-10-20T13:00:00+00:00,27.506220708108845
2025-10-20T14:00:00+00:00,27.491942769448436
2025-10-20T15:00:00+00:00,27.538053788428098
2025-10-20T16:00:00+00:00,27.644340153388494
2025-10-20T17:00:00+00:00,28.044819136465446
2025-10-20T18:00:00+00:00,27.938225974030058
2025-10-20T19:00:00+00:00,27.934085294518315
2025-10-20T20:00:00+00:00,27.81815925153203
2025-10-20T21:00:00+00:00,27.80822044838644
2025-10-20T22:00:00+00:00,27.821279644515048
2025-10-20T23:00:00+00:00,27.792474716831414
2025-10-21T00:00:00+00:00,27.78939570960339
2025-10-21T01:00:00+00:00,27.829440516349198
2025-10-21T02:00:00+00:00,27.88219111317498
2025-10-21T03:00:00+00:00,27.838598035188536
2025-10-21T04:00:00+00:00,27.872655200094325
2025-10-21T05:00:00+00:00,27.994884203908473
2025-10-21T06:00:00+00:00,27.868533807919025
2025-10-21T07:00:00+00:00,27.78948519050335
2025-10-21T08:00:00+00:00,27.758424653362603
2025-10-21T09:00:00+00:00,27.872818625715194
2025-10-21T10:00:00+00:00,27.890871290745427
2025-10-21T11:00:00+00:00,27.91257417086281
2025-10-21T12:00:00+00:00,27.87853522771858
2025-10-21T13:00:00+00:00,28.044340037175658
2025-10-21T14:00:00+00:00,28.083890305118533
2025-10-21T15:00:00+00:00,27.72259142107213
2025-10-21T16:00:00+00:00,27.833295272274196
2025-10-21T17:00:00+00:00,27.831330339160598
2025-10-21T18:00:00+00:00,27.96499480044568
2025-10-21T19:00:00+00:00,27.87236216663648
2025-10-21T20:00:00+00:00,27.89934727172884
2025-10-21T21:00:00+00:00,28.061379109406168
2025-10-21T22:00:00+00:00,28.089563355928384
2025-10-21T23:00:00+00:00,27.942409884487713
2025-10-22T00:00:00+00:00,27.957013084342993
2025-10-22T01:00:00+00:00,28.10265897246748
2025-10-22T02:00:00+00:00,28.031588635038883
2025-10-22T03:00:00+00:00,28.004779654692516
2025-10-22T04:00:00+00:00,28.002903774993527
2025-10-22T05:00:00+00:00,27.980130297266815
2025-10-22T06:00:00+00:00,27.99254846830176
2025-10-22T07:00:00+00:00,27.964408507848862
2025-10-22T08:00:00+00:00,27.976842323013297
2025-10-22T09:00:00+00:00,28.045921696382724
2025-10-22T10:00:00+00:00,28.14337558583983
2025-10-22T11:00:00+00:00,28.122568709612473
2025-10-22T12:00:00+00:00,28.084568575335407
2025-10-22T13:00:00+00:00,28.06814956951216
2025-10-22T14:00:00+00:00,28.004562550141138
2025-10-22T15:00:00+00:00,28.30588914037792
2025-10-22T16:00:00+00:00,28.213737247583392
2025-10-22T17:00:00+00:00,28.1790511341248
2025-10-22T18:00:00+00:00,28.386644569094145
2025-10-22T19:00:00+00:00,28.405767003940323
2025-10-22T20:00:00+00:00,28.346653132381352
2025-10-22T21:00:00+00:00,28.450620408114272
2025-10-22T22:00:00+00:00,28.554517535649392
2025-10-22T23:00:00+00:00,28.579376747333193
2025-10-23T00:00:00+00:00,28.30112816138909
2025-10-23T01:00:00+00:00,28.243406085050736
2025-10-23T02:00:00+00:00,28.30767149200752
2025-10-23T03:00:00+00:00,28.32683003226097
2025-10-23T04:00:00+00:00,28.312006447967548
2025-10-23T05:00:00+00:00,28.354008645804992
2025-10-23T06:00:00+00:00,28.298254561076984
2025-10-23T07:00:00+00:00,28.331787679965473
2025-10-23T08:00:00+00:00,28.175306472155576
2025-10-23T09:00:00+00:00,28.184327074805587
2025-10-23T10:00:00+00:00,28.155496466650945
2025-10-23T11:00:00+00:00,28.232625431713714
2025-10-23T12:00:00+00:00,28.254567149758547
2025-10-23T13:00:00+00:00,28.348774335913724
2025-10-23T14:00:00+00:00,28.432295689651948
2025-10-23T15:00:00+00:00,28.49713180516671
2025-10-23T16:00:00+00:00,28.320554696218917
2025-10-23T17:00:00+00:00,28.085471296116502
2025-10-23T18:00:00+00:00,28.356933748294345
2025-10-23T19:00:00+00:00,28.583999436987487
2025-10-23T20:00:00+00:00,28.595713963773736
2025-10-23T21:00:00+00:00,28.5376647190054
2025-10-23T22:00:00+00:00,28.55381782047006
2025-10-23T23:00:00+00:00,28.547330621867133
2025-10-24T00:00:00+00:00,28.526634449313235
2025-10-24T01:00:00+00:00,28.59784681933514
2025-10-24T02:00:00+00:00,28.524757619921104
2025-10-24T03:00:00+00:00,28.47932178810393
2025-10-24T04:00:00+00:00,28.44518554379002
2025-10-24T05:00:00+00:00,27.972370393028143
2025-10-24T06:00:00+00:00,27.9399446159549
2025-10-24T07:00:00+00:00,27.97996508150141
2025-10-24T08:00:00+00:00,28.174863098735642
2025-10-24T09:00:00+00:00,28.14191613519341
2025-10-24T10:00:00+00:00,28.139312554951367
2025-10-24T11:00:00+00:00,28.09135546916368
2025-10-24T12:00:00+00:00,28.11780287188775
2025-10-24T13:00:00+00:00,28.065213744302238
2025-10-24T14:00:00+00:00,28.14344465180065
2025-10-24T15:00:00+00:00,28.215049347509268
2025-10-24T16:00:00+00:00,28.33414159801114
2025-10-24T17:00:00+00:00,28.39589360099988
2025-10-24T18:00:00+00:00,28.351996340060637
2025-10-24T19:00:00+00:00,28.281791119355123
2025-10-24T20:00:00+00:00,28.140480582974433
2025-10-24T21:00:00+00:00,28.163660846051997
2025-10-24T22:00:00+00:00,28.183305890263888
2025-10-24T23:00:00+00:00,28.241008509415106
2025-10-25T00:00:00+00:00,28.22004198726113
2025-10-25T01:00:00+00:00,28.281778800712573
2025-10-25T02:00:00+00:00,28.21947150989623
2025-10-25T03:00:00+00:00,28.224980590518843
2025-10-25T04:00:00+00:00,28.29428099376085
2025-10-25T05:00:00+00:00,28.362668993690228
2025-10-25T06:00:00+00:00,28.340085477478496
2025-10-25T07:00:00+00:00,28.358770998906458
2025-10-25T08:00:00+00:00,28.378849797700372
2025-10-25T09:00:00+00:00,28.26576349312543
2025-10-25T10:00:00+00:00,28.325170396815526
2025-10-25T11:00:00+00:00,28.317290566315787
2025-10-25T12:00:00+00:00,28.34508807706791
2025-10-25T13:00:00+00:00,28.344311313930977
2025-10-25T14:00:00+00:00,28.325807027949644
2025-10-25T15:00:00+00:00,28.3563640242461
2025-10-25T16:00:00+00:00,28.341274435981987
2025-10-25T17:00:00+00:00,28.317862731462185
2025-10-25T18:00:00+00:00,28.26720715519484
2025-10-25T19:00:00+00:00,28.172749431844494
2025-10-25T20:00:00+00:00,28.178159594321443
2025-10-25T21:00:00+00:00,28.215676409905498
2025-10-25T22:00:00+00:00,28.203238577339896
2025-10-25T23:00:00+00:00,28.166067872164355
2025-10-26T00:00:00+00:00,28.218898804813634
2025-10-26T01:00:00+00:00,28.281355248861505
2025-10-26T02:00:00+00:00,28.350668192013465
2025-10-26T03:00:00+00:00,28.38130496521266
2025-10-26T04:00:00+00:00,28.335827595480946
2025-10-26T05:00:00+00:00,28.322138897741294
2025-10-26T06:00:00+00:00,28.309989489065075
2025-10-26T07:00:00+00:00,28.304078153594812
2025-10-26T08:00:00+00:00,28.27923368177388
2025-10-26T09:00:00+00:00,28.24930977147802
2025-10-26T10:00:00+00:00,28.240642413734562
2025-10-26T11:00:00+00:00,28.23321254122469
2025-10-26T12:00:00+00:00,27.976428373890332
2025-10-26T13:00:00+00:00,27.911310413355007
2025-10-26T14:00:00+00:00,27.877844338388837
2025-10-26T15:00:00+00:00,27.926313120785448
2025-10-26T16:00:00+00:00,27.89219464637413
2025-10-26T17:00:00+00:00,28.015918289990612
2025-10-26T18:00:00+00:00,27.96694189700039
2025-10-26T19:00:00+00:00,27.905822805055276
2025-10-26T20:00:00+00:00,27.928282554912375
2025-10-26T21:00:00+00:00,27.90781845827026
2025-10-26T22:00:00+00:00,27.786023692670586
2025-10-26T23:00:00+00:00,27.541989955749234
2025-10-27T00:00:00+00:00,27.51849573887712
2025-10-27T01:00:00+00:00,27.515083651488006
2025-10-27T02:00:00+00:00,27.505966544069576
2025-10-27T03:00:00+00:00,27.308900815296543
2025-10-27T04:00:00+00:00,27.341758778695272
2025-10-27T05:00:00+00:00,27.31834575385234
2025-10-27T06:00:00+00:00,27.295472276794506
2025-10-27T07:00:00+00:00,27.369219825141016
2025-10-27T08:00:00+00:00,27.512170945566705
2025-10-27T09:00:00+00:00,27.599989167113346
2025-10-27T10:00:00+00:00,27.704880811525864
2025-10-27T11:00:00+00:00,27.675217144729192
2025-10-27T12:00:00+00:00,27.733641298917703
2025-10-27T13:00:00+00:00,27.775706269014066
2025-10-27T14:00:00+00:00,27.542475423754112
2025-10-27T15:00:00+00:00,27.68446952447571
2025-10-27T16:00:00+00:00,27.552844913419648
2025-10-27T17:00:00+00:00,27.40229108773882
2025-10-27T18:00:00+00:00,27.383487982329065
2025-10-27T19:00:00+00:00,27.374423112741376
2025-10-27T20:00:00+00:00,27.355919576751855
2025-10-27T21:00:00+00:00,27.73400704761307
2025-10-27T22:00:00+00:00,27.74083041534729
2025-10-27T23:00:00+00:00,27.71184768981031
2025-10-28T00:00:00+00:00,27.67991478691631
2025-10-28T01:00:00+00:00,27.667123645849415
2025-10-28T02:00:00+00:00,27.649801067236915
2025-10-28T03:00:00+00:00,27.850348419245293
2025-10-28T04:00:00+00:00,27.852458322036323
2025-10-28T05:00:00+00:00,27.772644599684195
2025-10-28T06:00:00+00:00,27.880940614174513
2025-10-28T07:00:00+00:00,27.73058670017245
2025-10-28T08:00:00+00:00,27.753049639127795
2025-10-28T09:00:00+00:00,27.746176748683343
2025-10-28T10:00:00+00:00,27.77460014206076
2025-10-28T11:00:00+00:00,27.821067752906785
2025-10-28T12:00:00+00:00,27.826125696162322
2025-10-28T13:00:00+00:00,27.71695893750345
2025-10-28T14:00:00+00:00,27.779753745770357
2025-10-28T15:00:00+00:00,28.00818212026866
2025-10-28T16:00:00+00:00,28.03465782648994
2025-10-28T17:00:00+00:00,27.923195308926474
2025-10-28T18:00:00+00:00,27.885214776813697
2025-10-28T19:00:00+00:00,27.957241815593253
2025-10-28T20:00:00+00:00,28.15840718665482
2025-10-28T21:00:00+00:00,28.320153955566628
2025-10-28T22:00:00+00:00,28.43010496923709
2025-10-28T23:00:00+00:00,28.3322140177356
2025-10-29T00:00:00+00:00,28.372320171938867
2025-10-29T01:00:00+00:00,28.331993136484122
2025-10-29T02:00:00+00:00,28.215824800681354
2025-10-29T03:00:00+00:00,28.14796421945051
2025-10-29T04:00:00+00:00,28.150464928998144
2025-10-29T05:00:00+00:00,28.078089082034204
2025-10-29T06:00:00+00:00,28.07938821023724
2025-10-29T07:00:00+00:00,28.11321030708385
2025-10-29T08:00:00+00:00,28.179744020004986
2025-10-29T09:00:00+00:00,28.206139368126127
2025-10-29T10:00:00+00:00,28.24511288736166
2025-10-29T11:00:00+00:00,28.26047888736921
2025-10-29T12:00:00+00:00,28.19967903999527
2025-10-29T13:00:00+00:00,28.17557683669787
2025-10-29T14:00:00+00:00,28.264663407359844
2025-10-29T15:00:00+00:00,28.218153039036714
2025-10-29T16:00:00+00:00,28.30103154615317
2025-10-29T17:00:00+00:00,28.04168096694738
2025-10-29T18:00:00+00:00,27.878993898481525
2025-10-29T19:00:00+00:00,28.089815541318746
2025-10-29T20:00:00+00:00,28.24144498575195
2025-10-29T21:00:00+00:00,28.20653137759196
2025-10-29T22:00:00+00:00,28.210059775767704
2025-10-29T23:00:00+00:00,28.17888963328168
2025-10-30T00:00:00+00:00,28.24203347213968
2025-10-30T01:00:00+00:00,28.256490970344817
2025-10-30T02:00:00+00:00,28.156348282136285
2025-10-30T03:00:00+00:00,28.126833769352615
2025-10-30T04:00:00+00:00,28.12904859648709
2025-10-30T05:00:00+00:00,28.140886147775813
2025-10-30T06:00:00+00:00,28.039888290204967
2025-10-30T07:00:00+00:00,28.28369662476473
2025-10-30T08:00:00+00:00,28.2699037855292
2025-10-30T09:00:00+00:00,28.218715484015117
2025-10-30T10:00:00+00:00,28.242173096783922
2025-10-30T11:00:00+00:00,28.291819352471382
2025-10-30T12:00:00+00:00,28.283071162782583
2025-10-30T13:00:00+00:00,28.475066779791074
